"x","y","se","age","filename","Pop","species","study"
1999.16241299304,20.0347826999167,NA,NA,"Corlatti_HornS","Italy","Chamois","Corlatti_HornS"
1999.16241299304,19.4782609607862,NA,NA,"Corlatti_HornS","Italy","Chamois","Corlatti_HornS"
1999.16241299304,18.9913044390471,NA,NA,"Corlatti_HornS","Italy","Chamois","Corlatti_HornS"
1999.12993039443,18.5739131346993,NA,NA,"Corlatti_HornS","Italy","Chamois","Corlatti_HornS"
1999.16241299304,18.2956522651341,NA,NA,"Corlatti_HornS","Italy","Chamois","Corlatti_HornS"
1999.16241299304,18.1565218303515,NA,NA,"Corlatti_HornS","Italy","Chamois","Corlatti_HornS"
1999.12993039443,17.9478261781775,NA,NA,"Corlatti_HornS","Italy","Chamois","Corlatti_HornS"
1999.16241299304,17.6695653086123,NA,NA,"Corlatti_HornS","Italy","Chamois","Corlatti_HornS"
1999.16241299304,17.4608696564384,NA,NA,"Corlatti_HornS","Italy","Chamois","Corlatti_HornS"
1999.16241299304,17.3217392216558,NA,NA,"Corlatti_HornS","Italy","Chamois","Corlatti_HornS"
1999.16241299304,17.1826087868732,NA,NA,"Corlatti_HornS","Italy","Chamois","Corlatti_HornS"
1999.12993039443,16.9739131346993,NA,NA,"Corlatti_HornS","Italy","Chamois","Corlatti_HornS"
1999.12993039443,16.8347826999167,NA,NA,"Corlatti_HornS","Italy","Chamois","Corlatti_HornS"
1999.16241299304,16.6956522651341,NA,NA,"Corlatti_HornS","Italy","Chamois","Corlatti_HornS"
1999.16241299304,16.4869566129602,NA,NA,"Corlatti_HornS","Italy","Chamois","Corlatti_HornS"
1999.16241299304,16.2086957433949,NA,NA,"Corlatti_HornS","Italy","Chamois","Corlatti_HornS"
1999.16241299304,16.000000091221,NA,NA,"Corlatti_HornS","Italy","Chamois","Corlatti_HornS"
1999.16241299304,15.8608696564384,NA,NA,"Corlatti_HornS","Italy","Chamois","Corlatti_HornS"
1999.12993039443,15.5130435694819,NA,NA,"Corlatti_HornS","Italy","Chamois","Corlatti_HornS"
1999.16241299304,15.0260870477428,NA,NA,"Corlatti_HornS","Italy","Chamois","Corlatti_HornS"
1999.16241299304,14.7478261781775,NA,NA,"Corlatti_HornS","Italy","Chamois","Corlatti_HornS"
1999.16241299304,14.5391305260036,NA,NA,"Corlatti_HornS","Italy","Chamois","Corlatti_HornS"
1999.16241299304,14.2608696564384,NA,NA,"Corlatti_HornS","Italy","Chamois","Corlatti_HornS"
1999.16241299304,14.0521740042645,NA,NA,"Corlatti_HornS","Italy","Chamois","Corlatti_HornS"
1999.12993039443,13.2173913955688,NA,NA,"Corlatti_HornS","Italy","Chamois","Corlatti_HornS"
1999.16241299304,12.7304348738297,NA,NA,"Corlatti_HornS","Italy","Chamois","Corlatti_HornS"
1999.16241299304,12.5913044390471,NA,NA,"Corlatti_HornS","Italy","Chamois","Corlatti_HornS"
1999.12993039443,12.0347826999167,NA,NA,"Corlatti_HornS","Italy","Chamois","Corlatti_HornS"
1999.16241299304,10.0869566129602,NA,NA,"Corlatti_HornS","Italy","Chamois","Corlatti_HornS"
2000.13689095128,18.9913044390471,NA,NA,"Corlatti_HornS","Italy","Chamois","Corlatti_HornS"
2000.13689095128,18.504347917308,NA,NA,"Corlatti_HornS","Italy","Chamois","Corlatti_HornS"
2000.16937354988,18.3652174825254,NA,NA,"Corlatti_HornS","Italy","Chamois","Corlatti_HornS"
2000.13689095128,18.0869566129602,NA,NA,"Corlatti_HornS","Italy","Chamois","Corlatti_HornS"
2000.16937354988,18.0173913955688,NA,NA,"Corlatti_HornS","Italy","Chamois","Corlatti_HornS"
2000.13689095128,17.5304348738297,NA,NA,"Corlatti_HornS","Italy","Chamois","Corlatti_HornS"
2000.13689095128,17.1130435694819,NA,NA,"Corlatti_HornS","Italy","Chamois","Corlatti_HornS"
2000.13689095128,16.9739131346993,NA,NA,"Corlatti_HornS","Italy","Chamois","Corlatti_HornS"
2000.16937354988,16.6956522651341,NA,NA,"Corlatti_HornS","Italy","Chamois","Corlatti_HornS"
2000.13689095128,16.4869566129602,NA,NA,"Corlatti_HornS","Italy","Chamois","Corlatti_HornS"
2000.16937354988,16.2086957433949,NA,NA,"Corlatti_HornS","Italy","Chamois","Corlatti_HornS"
2000.16937354988,16.000000091221,NA,NA,"Corlatti_HornS","Italy","Chamois","Corlatti_HornS"
2000.13689095128,15.7217392216558,NA,NA,"Corlatti_HornS","Italy","Chamois","Corlatti_HornS"
2000.13689095128,15.5130435694819,NA,NA,"Corlatti_HornS","Italy","Chamois","Corlatti_HornS"
2000.16937354988,15.1652174825254,NA,NA,"Corlatti_HornS","Italy","Chamois","Corlatti_HornS"
2000.16937354988,14.9565218303515,NA,NA,"Corlatti_HornS","Italy","Chamois","Corlatti_HornS"
2000.16937354988,14.7478261781775,NA,NA,"Corlatti_HornS","Italy","Chamois","Corlatti_HornS"
2000.16937354988,14.4695653086123,NA,NA,"Corlatti_HornS","Italy","Chamois","Corlatti_HornS"
2000.16937354988,14.2608696564384,NA,NA,"Corlatti_HornS","Italy","Chamois","Corlatti_HornS"
2000.13689095128,13.4956522651341,NA,NA,"Corlatti_HornS","Italy","Chamois","Corlatti_HornS"
2000.13689095128,13.0086957433949,NA,NA,"Corlatti_HornS","Italy","Chamois","Corlatti_HornS"
2000.13689095128,12.800000091221,NA,NA,"Corlatti_HornS","Italy","Chamois","Corlatti_HornS"
2000.13689095128,12.5217392216558,NA,NA,"Corlatti_HornS","Italy","Chamois","Corlatti_HornS"
2000.13689095128,12.104347917308,NA,NA,"Corlatti_HornS","Italy","Chamois","Corlatti_HornS"
2001.14385150812,18.9913044390471,NA,NA,"Corlatti_HornS","Italy","Chamois","Corlatti_HornS"
2001.14385150812,18.6434783520906,NA,NA,"Corlatti_HornS","Italy","Chamois","Corlatti_HornS"
2001.17633410673,18.504347917308,NA,NA,"Corlatti_HornS","Italy","Chamois","Corlatti_HornS"
2001.14385150812,18.0869566129602,NA,NA,"Corlatti_HornS","Italy","Chamois","Corlatti_HornS"
2001.17633410673,17.9478261781775,NA,NA,"Corlatti_HornS","Italy","Chamois","Corlatti_HornS"
2001.14385150812,17.5304348738297,NA,NA,"Corlatti_HornS","Italy","Chamois","Corlatti_HornS"
2001.14385150812,17.2521740042645,NA,NA,"Corlatti_HornS","Italy","Chamois","Corlatti_HornS"
2001.14385150812,16.9739131346993,NA,NA,"Corlatti_HornS","Italy","Chamois","Corlatti_HornS"
2001.14385150812,16.4869566129602,NA,NA,"Corlatti_HornS","Italy","Chamois","Corlatti_HornS"
2001.14385150812,16.3478261781775,NA,NA,"Corlatti_HornS","Italy","Chamois","Corlatti_HornS"
2001.14385150812,16.0695653086123,NA,NA,"Corlatti_HornS","Italy","Chamois","Corlatti_HornS"
2001.14385150812,15.5130435694819,NA,NA,"Corlatti_HornS","Italy","Chamois","Corlatti_HornS"
2001.14385150812,15.304347917308,NA,NA,"Corlatti_HornS","Italy","Chamois","Corlatti_HornS"
2001.14385150812,15.0260870477428,NA,NA,"Corlatti_HornS","Italy","Chamois","Corlatti_HornS"
2001.14385150812,14.1217392216558,NA,NA,"Corlatti_HornS","Italy","Chamois","Corlatti_HornS"
2001.14385150812,13.9826087868732,NA,NA,"Corlatti_HornS","Italy","Chamois","Corlatti_HornS"
2001.14385150812,13.3565218303515,NA,NA,"Corlatti_HornS","Italy","Chamois","Corlatti_HornS"
2001.17633410673,12.800000091221,NA,NA,"Corlatti_HornS","Italy","Chamois","Corlatti_HornS"
2001.14385150812,12.5913044390471,NA,NA,"Corlatti_HornS","Italy","Chamois","Corlatti_HornS"
2001.14385150812,12.3826087868732,NA,NA,"Corlatti_HornS","Italy","Chamois","Corlatti_HornS"
2001.14385150812,11.7565218303515,NA,NA,"Corlatti_HornS","Italy","Chamois","Corlatti_HornS"
2001.17633410673,11.0608696564384,NA,NA,"Corlatti_HornS","Italy","Chamois","Corlatti_HornS"
2002.15081206496,19.0608696564384,NA,NA,"Corlatti_HornS","Italy","Chamois","Corlatti_HornS"
2002.15081206496,18.6434783520906,NA,NA,"Corlatti_HornS","Italy","Chamois","Corlatti_HornS"
2002.15081206496,18.4347826999167,NA,NA,"Corlatti_HornS","Italy","Chamois","Corlatti_HornS"
2002.15081206496,18.0869566129602,NA,NA,"Corlatti_HornS","Italy","Chamois","Corlatti_HornS"
2002.15081206496,17.5304348738297,NA,NA,"Corlatti_HornS","Italy","Chamois","Corlatti_HornS"
2002.15081206496,17.1130435694819,NA,NA,"Corlatti_HornS","Italy","Chamois","Corlatti_HornS"
2002.15081206496,16.9739131346993,NA,NA,"Corlatti_HornS","Italy","Chamois","Corlatti_HornS"
2002.15081206496,16.4869566129602,NA,NA,"Corlatti_HornS","Italy","Chamois","Corlatti_HornS"
2002.15081206496,16.2782609607862,NA,NA,"Corlatti_HornS","Italy","Chamois","Corlatti_HornS"
2002.15081206496,16.000000091221,NA,NA,"Corlatti_HornS","Italy","Chamois","Corlatti_HornS"
2002.15081206496,15.7913044390471,NA,NA,"Corlatti_HornS","Italy","Chamois","Corlatti_HornS"
2002.15081206496,15.5826087868732,NA,NA,"Corlatti_HornS","Italy","Chamois","Corlatti_HornS"
2002.18329466357,15.3739131346993,NA,NA,"Corlatti_HornS","Italy","Chamois","Corlatti_HornS"
2002.15081206496,15.0260870477428,NA,NA,"Corlatti_HornS","Italy","Chamois","Corlatti_HornS"
2002.15081206496,14.8173913955688,NA,NA,"Corlatti_HornS","Italy","Chamois","Corlatti_HornS"
2002.15081206496,14.5391305260036,NA,NA,"Corlatti_HornS","Italy","Chamois","Corlatti_HornS"
2002.15081206496,14.0521740042645,NA,NA,"Corlatti_HornS","Italy","Chamois","Corlatti_HornS"
2002.15081206496,13.3565218303515,NA,NA,"Corlatti_HornS","Italy","Chamois","Corlatti_HornS"
2003.1252900232,18.2260870477428,NA,NA,"Corlatti_HornS","Italy","Chamois","Corlatti_HornS"
2003.15777262181,17.9478261781775,NA,NA,"Corlatti_HornS","Italy","Chamois","Corlatti_HornS"
2003.15777262181,17.5304348738297,NA,NA,"Corlatti_HornS","Italy","Chamois","Corlatti_HornS"
2003.15777262181,17.0434783520906,NA,NA,"Corlatti_HornS","Italy","Chamois","Corlatti_HornS"
2003.15777262181,16.7652174825254,NA,NA,"Corlatti_HornS","Italy","Chamois","Corlatti_HornS"
2003.15777262181,16.5565218303515,NA,NA,"Corlatti_HornS","Italy","Chamois","Corlatti_HornS"
2003.1252900232,16.3478261781775,NA,NA,"Corlatti_HornS","Italy","Chamois","Corlatti_HornS"
2003.15777262181,15.9304348738297,NA,NA,"Corlatti_HornS","Italy","Chamois","Corlatti_HornS"
2003.15777262181,15.5130435694819,NA,NA,"Corlatti_HornS","Italy","Chamois","Corlatti_HornS"
2003.15777262181,15.304347917308,NA,NA,"Corlatti_HornS","Italy","Chamois","Corlatti_HornS"
2003.15777262181,15.0260870477428,NA,NA,"Corlatti_HornS","Italy","Chamois","Corlatti_HornS"
2003.15777262181,14.6086957433949,NA,NA,"Corlatti_HornS","Italy","Chamois","Corlatti_HornS"
2003.15777262181,13.9826087868732,NA,NA,"Corlatti_HornS","Italy","Chamois","Corlatti_HornS"
2003.15777262181,13.2869566129602,NA,NA,"Corlatti_HornS","Italy","Chamois","Corlatti_HornS"
2003.1252900232,12.9391305260036,NA,NA,"Corlatti_HornS","Italy","Chamois","Corlatti_HornS"
2003.15777262181,12.5913044390471,NA,NA,"Corlatti_HornS","Italy","Chamois","Corlatti_HornS"
2003.1252900232,11.9652174825254,NA,NA,"Corlatti_HornS","Italy","Chamois","Corlatti_HornS"
2004.13225058005,18.7130435694819,NA,NA,"Corlatti_HornS","Italy","Chamois","Corlatti_HornS"
2004.16473317865,18.504347917308,NA,NA,"Corlatti_HornS","Italy","Chamois","Corlatti_HornS"
2004.16473317865,18.0173913955688,NA,NA,"Corlatti_HornS","Italy","Chamois","Corlatti_HornS"
2004.16473317865,17.8086957433949,NA,NA,"Corlatti_HornS","Italy","Chamois","Corlatti_HornS"
2004.13225058005,17.5304348738297,NA,NA,"Corlatti_HornS","Italy","Chamois","Corlatti_HornS"
2004.16473317865,17.3913044390471,NA,NA,"Corlatti_HornS","Italy","Chamois","Corlatti_HornS"
2004.13225058005,16.9739131346993,NA,NA,"Corlatti_HornS","Italy","Chamois","Corlatti_HornS"
2004.13225058005,16.7652174825254,NA,NA,"Corlatti_HornS","Italy","Chamois","Corlatti_HornS"
2004.16473317865,16.4869566129602,NA,NA,"Corlatti_HornS","Italy","Chamois","Corlatti_HornS"
2004.16473317865,16.000000091221,NA,NA,"Corlatti_HornS","Italy","Chamois","Corlatti_HornS"
2004.13225058005,15.7913044390471,NA,NA,"Corlatti_HornS","Italy","Chamois","Corlatti_HornS"
2004.16473317865,15.5130435694819,NA,NA,"Corlatti_HornS","Italy","Chamois","Corlatti_HornS"
2004.16473317865,15.304347917308,NA,NA,"Corlatti_HornS","Italy","Chamois","Corlatti_HornS"
2004.16473317865,15.1652174825254,NA,NA,"Corlatti_HornS","Italy","Chamois","Corlatti_HornS"
2004.13225058005,14.9565218303515,NA,NA,"Corlatti_HornS","Italy","Chamois","Corlatti_HornS"
2004.13225058005,14.8173913955688,NA,NA,"Corlatti_HornS","Italy","Chamois","Corlatti_HornS"
2004.13225058005,14.5391305260036,NA,NA,"Corlatti_HornS","Italy","Chamois","Corlatti_HornS"
2004.16473317865,14.1913044390471,NA,NA,"Corlatti_HornS","Italy","Chamois","Corlatti_HornS"
2004.13225058005,13.9826087868732,NA,NA,"Corlatti_HornS","Italy","Chamois","Corlatti_HornS"
2004.16473317865,13.5652174825254,NA,NA,"Corlatti_HornS","Italy","Chamois","Corlatti_HornS"
2004.13225058005,13.0086957433949,NA,NA,"Corlatti_HornS","Italy","Chamois","Corlatti_HornS"
2004.13225058005,12.5217392216558,NA,NA,"Corlatti_HornS","Italy","Chamois","Corlatti_HornS"
2004.16473317865,12.0347826999167,NA,NA,"Corlatti_HornS","Italy","Chamois","Corlatti_HornS"
2004.13225058005,11.6173913955689,NA,NA,"Corlatti_HornS","Italy","Chamois","Corlatti_HornS"
2005.1716937355,19.200000091221,NA,NA,"Corlatti_HornS","Italy","Chamois","Corlatti_HornS"
2005.13921113689,18.504347917308,NA,NA,"Corlatti_HornS","Italy","Chamois","Corlatti_HornS"
2005.1716937355,18.0869566129602,NA,NA,"Corlatti_HornS","Italy","Chamois","Corlatti_HornS"
2005.13921113689,17.9478261781775,NA,NA,"Corlatti_HornS","Italy","Chamois","Corlatti_HornS"
2005.1716937355,17.600000091221,NA,NA,"Corlatti_HornS","Italy","Chamois","Corlatti_HornS"
2005.1716937355,17.3913044390471,NA,NA,"Corlatti_HornS","Italy","Chamois","Corlatti_HornS"
2005.1716937355,17.0434783520906,NA,NA,"Corlatti_HornS","Italy","Chamois","Corlatti_HornS"
2005.1716937355,16.7652174825254,NA,NA,"Corlatti_HornS","Italy","Chamois","Corlatti_HornS"
2005.1716937355,16.5565218303515,NA,NA,"Corlatti_HornS","Italy","Chamois","Corlatti_HornS"
2005.1716937355,16.4173913955688,NA,NA,"Corlatti_HornS","Italy","Chamois","Corlatti_HornS"
2005.1716937355,16.0695653086123,NA,NA,"Corlatti_HornS","Italy","Chamois","Corlatti_HornS"
2005.1716937355,15.7217392216558,NA,NA,"Corlatti_HornS","Italy","Chamois","Corlatti_HornS"
2005.1716937355,15.4434783520906,NA,NA,"Corlatti_HornS","Italy","Chamois","Corlatti_HornS"
2005.13921113689,15.1652174825254,NA,NA,"Corlatti_HornS","Italy","Chamois","Corlatti_HornS"
2005.13921113689,14.9565218303515,NA,NA,"Corlatti_HornS","Italy","Chamois","Corlatti_HornS"
2005.1716937355,14.8173913955688,NA,NA,"Corlatti_HornS","Italy","Chamois","Corlatti_HornS"
2005.13921113689,14.6086957433949,NA,NA,"Corlatti_HornS","Italy","Chamois","Corlatti_HornS"
2005.1716937355,14.4695653086123,NA,NA,"Corlatti_HornS","Italy","Chamois","Corlatti_HornS"
2005.13921113689,13.9826087868732,NA,NA,"Corlatti_HornS","Italy","Chamois","Corlatti_HornS"
2005.1716937355,13.7739131346993,NA,NA,"Corlatti_HornS","Italy","Chamois","Corlatti_HornS"
2005.13921113689,13.4956522651341,NA,NA,"Corlatti_HornS","Italy","Chamois","Corlatti_HornS"
2005.1716937355,13.1478261781775,NA,NA,"Corlatti_HornS","Italy","Chamois","Corlatti_HornS"
2005.13921113689,12.8695653086123,NA,NA,"Corlatti_HornS","Italy","Chamois","Corlatti_HornS"
2005.13921113689,12.4521740042645,NA,NA,"Corlatti_HornS","Italy","Chamois","Corlatti_HornS"
2005.1716937355,12.1739131346993,NA,NA,"Corlatti_HornS","Italy","Chamois","Corlatti_HornS"
2005.1716937355,11.8260870477428,NA,NA,"Corlatti_HornS","Italy","Chamois","Corlatti_HornS"
2005.1716937355,11.3391305260036,NA,NA,"Corlatti_HornS","Italy","Chamois","Corlatti_HornS"
2006.14617169374,19.200000091221,NA,NA,"Corlatti_HornS","Italy","Chamois","Corlatti_HornS"
2006.14617169374,18.9913044390471,NA,NA,"Corlatti_HornS","Italy","Chamois","Corlatti_HornS"
2006.14617169374,18.2260870477428,NA,NA,"Corlatti_HornS","Italy","Chamois","Corlatti_HornS"
2006.14617169374,17.5304348738297,NA,NA,"Corlatti_HornS","Italy","Chamois","Corlatti_HornS"
2006.14617169374,17.3217392216558,NA,NA,"Corlatti_HornS","Italy","Chamois","Corlatti_HornS"
2006.14617169374,17.1826087868732,NA,NA,"Corlatti_HornS","Italy","Chamois","Corlatti_HornS"
2006.14617169374,16.9739131346993,NA,NA,"Corlatti_HornS","Italy","Chamois","Corlatti_HornS"
2006.14617169374,16.6260870477428,NA,NA,"Corlatti_HornS","Italy","Chamois","Corlatti_HornS"
2006.14617169374,16.4869566129602,NA,NA,"Corlatti_HornS","Italy","Chamois","Corlatti_HornS"
2006.14617169374,16.2086957433949,NA,NA,"Corlatti_HornS","Italy","Chamois","Corlatti_HornS"
2006.17865429234,16.000000091221,NA,NA,"Corlatti_HornS","Italy","Chamois","Corlatti_HornS"
2006.17865429234,15.7217392216558,NA,NA,"Corlatti_HornS","Italy","Chamois","Corlatti_HornS"
2006.17865429234,15.4434783520906,NA,NA,"Corlatti_HornS","Italy","Chamois","Corlatti_HornS"
2006.17865429234,15.1652174825254,NA,NA,"Corlatti_HornS","Italy","Chamois","Corlatti_HornS"
2006.17865429234,14.8869566129602,NA,NA,"Corlatti_HornS","Italy","Chamois","Corlatti_HornS"
2006.14617169374,14.4695653086123,NA,NA,"Corlatti_HornS","Italy","Chamois","Corlatti_HornS"
2006.14617169374,14.1913044390471,NA,NA,"Corlatti_HornS","Italy","Chamois","Corlatti_HornS"
2006.14617169374,13.9826087868732,NA,NA,"Corlatti_HornS","Italy","Chamois","Corlatti_HornS"
2006.14617169374,13.4956522651341,NA,NA,"Corlatti_HornS","Italy","Chamois","Corlatti_HornS"
2006.17865429234,13.0086957433949,NA,NA,"Corlatti_HornS","Italy","Chamois","Corlatti_HornS"
2006.17865429234,12.7304348738297,NA,NA,"Corlatti_HornS","Italy","Chamois","Corlatti_HornS"
2006.17865429234,12.4521740042645,NA,NA,"Corlatti_HornS","Italy","Chamois","Corlatti_HornS"
2006.14617169374,12.0347826999167,NA,NA,"Corlatti_HornS","Italy","Chamois","Corlatti_HornS"
2008.16009280742,19.4782609607862,NA,NA,"Corlatti_HornS","Italy","Chamois","Corlatti_HornS"
2008.16009280742,18.5739131346993,NA,NA,"Corlatti_HornS","Italy","Chamois","Corlatti_HornS"
2008.16009280742,18.4347826999167,NA,NA,"Corlatti_HornS","Italy","Chamois","Corlatti_HornS"
2008.16009280742,18.0173913955688,NA,NA,"Corlatti_HornS","Italy","Chamois","Corlatti_HornS"
2008.16009280742,17.7391305260036,NA,NA,"Corlatti_HornS","Italy","Chamois","Corlatti_HornS"
2008.16009280742,17.4608696564384,NA,NA,"Corlatti_HornS","Italy","Chamois","Corlatti_HornS"
2008.16009280742,17.2521740042645,NA,NA,"Corlatti_HornS","Italy","Chamois","Corlatti_HornS"
2008.16009280742,16.9739131346993,NA,NA,"Corlatti_HornS","Italy","Chamois","Corlatti_HornS"
2008.16009280742,16.7652174825254,NA,NA,"Corlatti_HornS","Italy","Chamois","Corlatti_HornS"
2008.16009280742,16.4869566129602,NA,NA,"Corlatti_HornS","Italy","Chamois","Corlatti_HornS"
2008.16009280742,16.2782609607862,NA,NA,"Corlatti_HornS","Italy","Chamois","Corlatti_HornS"
2008.16009280742,16.000000091221,NA,NA,"Corlatti_HornS","Italy","Chamois","Corlatti_HornS"
2008.16009280742,15.7217392216558,NA,NA,"Corlatti_HornS","Italy","Chamois","Corlatti_HornS"
2008.16009280742,15.5130435694819,NA,NA,"Corlatti_HornS","Italy","Chamois","Corlatti_HornS"
2008.16009280742,15.1652174825254,NA,NA,"Corlatti_HornS","Italy","Chamois","Corlatti_HornS"
2008.16009280742,14.8869566129602,NA,NA,"Corlatti_HornS","Italy","Chamois","Corlatti_HornS"
2008.16009280742,14.7478261781775,NA,NA,"Corlatti_HornS","Italy","Chamois","Corlatti_HornS"
2008.16009280742,14.1913044390471,NA,NA,"Corlatti_HornS","Italy","Chamois","Corlatti_HornS"
2008.16009280742,13.9130435694819,NA,NA,"Corlatti_HornS","Italy","Chamois","Corlatti_HornS"
2008.16009280742,13.704347917308,NA,NA,"Corlatti_HornS","Italy","Chamois","Corlatti_HornS"
2008.16009280742,13.4956522651341,NA,NA,"Corlatti_HornS","Italy","Chamois","Corlatti_HornS"
2008.16009280742,13.0086957433949,NA,NA,"Corlatti_HornS","Italy","Chamois","Corlatti_HornS"
2008.16009280742,12.6608696564384,NA,NA,"Corlatti_HornS","Italy","Chamois","Corlatti_HornS"
2008.16009280742,12.4521740042645,NA,NA,"Corlatti_HornS","Italy","Chamois","Corlatti_HornS"
2008.16009280742,11.5478261781775,NA,NA,"Corlatti_HornS","Italy","Chamois","Corlatti_HornS"
2009.16705336427,19.5478261781775,NA,NA,"Corlatti_HornS","Italy","Chamois","Corlatti_HornS"
2009.16705336427,18.7130435694819,NA,NA,"Corlatti_HornS","Italy","Chamois","Corlatti_HornS"
2009.16705336427,18.504347917308,NA,NA,"Corlatti_HornS","Italy","Chamois","Corlatti_HornS"
2009.16705336427,17.8782609607862,NA,NA,"Corlatti_HornS","Italy","Chamois","Corlatti_HornS"
2009.16705336427,17.6695653086123,NA,NA,"Corlatti_HornS","Italy","Chamois","Corlatti_HornS"
2009.16705336427,17.4608696564384,NA,NA,"Corlatti_HornS","Italy","Chamois","Corlatti_HornS"
2009.16705336427,17.1826087868732,NA,NA,"Corlatti_HornS","Italy","Chamois","Corlatti_HornS"
2009.16705336427,16.9739131346993,NA,NA,"Corlatti_HornS","Italy","Chamois","Corlatti_HornS"
2009.13457076566,16.5565218303515,NA,NA,"Corlatti_HornS","Italy","Chamois","Corlatti_HornS"
2009.16705336427,16.3478261781775,NA,NA,"Corlatti_HornS","Italy","Chamois","Corlatti_HornS"
2009.16705336427,16.000000091221,NA,NA,"Corlatti_HornS","Italy","Chamois","Corlatti_HornS"
2009.16705336427,15.7217392216558,NA,NA,"Corlatti_HornS","Italy","Chamois","Corlatti_HornS"
2009.16705336427,15.5130435694819,NA,NA,"Corlatti_HornS","Italy","Chamois","Corlatti_HornS"
2009.16705336427,14.5391305260036,NA,NA,"Corlatti_HornS","Italy","Chamois","Corlatti_HornS"
2009.16705336427,14.2608696564384,NA,NA,"Corlatti_HornS","Italy","Chamois","Corlatti_HornS"
2009.13457076566,13.9826087868732,NA,NA,"Corlatti_HornS","Italy","Chamois","Corlatti_HornS"
2009.16705336427,13.7739131346993,NA,NA,"Corlatti_HornS","Italy","Chamois","Corlatti_HornS"
2009.13457076566,13.5652174825254,NA,NA,"Corlatti_HornS","Italy","Chamois","Corlatti_HornS"
2009.16705336427,13.2869566129602,NA,NA,"Corlatti_HornS","Italy","Chamois","Corlatti_HornS"
2009.16705336427,13.0086957433949,NA,NA,"Corlatti_HornS","Italy","Chamois","Corlatti_HornS"
2009.16705336427,12.5217392216558,NA,NA,"Corlatti_HornS","Italy","Chamois","Corlatti_HornS"
2009.16705336427,11.7565218303515,NA,NA,"Corlatti_HornS","Italy","Chamois","Corlatti_HornS"
2010.17401392111,18.4347826999167,NA,NA,"Corlatti_HornS","Italy","Chamois","Corlatti_HornS"
2010.17401392111,18.1565218303515,NA,NA,"Corlatti_HornS","Italy","Chamois","Corlatti_HornS"
2010.17401392111,17.8782609607862,NA,NA,"Corlatti_HornS","Italy","Chamois","Corlatti_HornS"
2010.14153132251,17.5304348738297,NA,NA,"Corlatti_HornS","Italy","Chamois","Corlatti_HornS"
2010.17401392111,17.0434783520906,NA,NA,"Corlatti_HornS","Italy","Chamois","Corlatti_HornS"
2010.17401392111,16.7652174825254,NA,NA,"Corlatti_HornS","Italy","Chamois","Corlatti_HornS"
2010.17401392111,16.5565218303515,NA,NA,"Corlatti_HornS","Italy","Chamois","Corlatti_HornS"
2010.17401392111,16.4173913955688,NA,NA,"Corlatti_HornS","Italy","Chamois","Corlatti_HornS"
2010.17401392111,16.1391305260036,NA,NA,"Corlatti_HornS","Italy","Chamois","Corlatti_HornS"
2010.17401392111,15.9304348738297,NA,NA,"Corlatti_HornS","Italy","Chamois","Corlatti_HornS"
2010.17401392111,15.6521740042645,NA,NA,"Corlatti_HornS","Italy","Chamois","Corlatti_HornS"
2010.17401392111,15.5130435694819,NA,NA,"Corlatti_HornS","Italy","Chamois","Corlatti_HornS"
2010.17401392111,15.304347917308,NA,NA,"Corlatti_HornS","Italy","Chamois","Corlatti_HornS"
2010.17401392111,14.9565218303515,NA,NA,"Corlatti_HornS","Italy","Chamois","Corlatti_HornS"
2010.17401392111,14.7478261781775,NA,NA,"Corlatti_HornS","Italy","Chamois","Corlatti_HornS"
2010.17401392111,14.5391305260036,NA,NA,"Corlatti_HornS","Italy","Chamois","Corlatti_HornS"
2010.17401392111,14.3304348738297,NA,NA,"Corlatti_HornS","Italy","Chamois","Corlatti_HornS"
2010.17401392111,14.1217392216558,NA,NA,"Corlatti_HornS","Italy","Chamois","Corlatti_HornS"
2010.17401392111,13.9130435694819,NA,NA,"Corlatti_HornS","Italy","Chamois","Corlatti_HornS"
2010.17401392111,13.7739131346993,NA,NA,"Corlatti_HornS","Italy","Chamois","Corlatti_HornS"
2010.17401392111,13.0086957433949,NA,NA,"Corlatti_HornS","Italy","Chamois","Corlatti_HornS"
2010.17401392111,12.2434783520906,NA,NA,"Corlatti_HornS","Italy","Chamois","Corlatti_HornS"
2010.17401392111,11.9652174825254,NA,NA,"Corlatti_HornS","Italy","Chamois","Corlatti_HornS"
2010.17401392111,11.4086957433949,NA,NA,"Corlatti_HornS","Italy","Chamois","Corlatti_HornS"
2010.17401392111,10.9913044390471,NA,NA,"Corlatti_HornS","Italy","Chamois","Corlatti_HornS"
2011.18097447796,18.7130435694819,NA,NA,"Corlatti_HornS","Italy","Chamois","Corlatti_HornS"
2011.14849187935,18.0173913955688,NA,NA,"Corlatti_HornS","Italy","Chamois","Corlatti_HornS"
2011.14849187935,17.7391305260036,NA,NA,"Corlatti_HornS","Italy","Chamois","Corlatti_HornS"
2011.14849187935,17.600000091221,NA,NA,"Corlatti_HornS","Italy","Chamois","Corlatti_HornS"
2011.18097447796,16.9739131346993,NA,NA,"Corlatti_HornS","Italy","Chamois","Corlatti_HornS"
2011.14849187935,16.7652174825254,NA,NA,"Corlatti_HornS","Italy","Chamois","Corlatti_HornS"
2011.18097447796,16.5565218303515,NA,NA,"Corlatti_HornS","Italy","Chamois","Corlatti_HornS"
2011.14849187935,16.4173913955688,NA,NA,"Corlatti_HornS","Italy","Chamois","Corlatti_HornS"
2011.18097447796,16.2086957433949,NA,NA,"Corlatti_HornS","Italy","Chamois","Corlatti_HornS"
2011.14849187935,15.9304348738297,NA,NA,"Corlatti_HornS","Italy","Chamois","Corlatti_HornS"
2011.18097447796,15.7217392216558,NA,NA,"Corlatti_HornS","Italy","Chamois","Corlatti_HornS"
2011.18097447796,15.5130435694819,NA,NA,"Corlatti_HornS","Italy","Chamois","Corlatti_HornS"
2011.18097447796,15.304347917308,NA,NA,"Corlatti_HornS","Italy","Chamois","Corlatti_HornS"
2011.18097447796,14.9565218303515,NA,NA,"Corlatti_HornS","Italy","Chamois","Corlatti_HornS"
2011.18097447796,14.6086957433949,NA,NA,"Corlatti_HornS","Italy","Chamois","Corlatti_HornS"
2011.18097447796,14.1913044390471,NA,NA,"Corlatti_HornS","Italy","Chamois","Corlatti_HornS"
2011.18097447796,13.6347826999167,NA,NA,"Corlatti_HornS","Italy","Chamois","Corlatti_HornS"
2011.14849187935,13.3565218303515,NA,NA,"Corlatti_HornS","Italy","Chamois","Corlatti_HornS"
2011.14849187935,13.0086957433949,NA,NA,"Corlatti_HornS","Italy","Chamois","Corlatti_HornS"
2011.18097447796,12.5217392216558,NA,NA,"Corlatti_HornS","Italy","Chamois","Corlatti_HornS"
2011.18097447796,11.5478261781775,NA,NA,"Corlatti_HornS","Italy","Chamois","Corlatti_HornS"
2011.14849187935,10.504347917308,NA,NA,"Corlatti_HornS","Italy","Chamois","Corlatti_HornS"
2012.15545243619,18.9913044390471,NA,NA,"Corlatti_HornS","Italy","Chamois","Corlatti_HornS"
2012.15545243619,18.7826087868732,NA,NA,"Corlatti_HornS","Italy","Chamois","Corlatti_HornS"
2012.15545243619,18.2956522651341,NA,NA,"Corlatti_HornS","Italy","Chamois","Corlatti_HornS"
2012.15545243619,18.0173913955688,NA,NA,"Corlatti_HornS","Italy","Chamois","Corlatti_HornS"
2012.15545243619,17.4608696564384,NA,NA,"Corlatti_HornS","Italy","Chamois","Corlatti_HornS"
2012.15545243619,17.1826087868732,NA,NA,"Corlatti_HornS","Italy","Chamois","Corlatti_HornS"
2012.15545243619,16.904347917308,NA,NA,"Corlatti_HornS","Italy","Chamois","Corlatti_HornS"
2012.15545243619,16.6956522651341,NA,NA,"Corlatti_HornS","Italy","Chamois","Corlatti_HornS"
2012.15545243619,16.4869566129602,NA,NA,"Corlatti_HornS","Italy","Chamois","Corlatti_HornS"
2012.15545243619,16.2086957433949,NA,NA,"Corlatti_HornS","Italy","Chamois","Corlatti_HornS"
2012.15545243619,16.000000091221,NA,NA,"Corlatti_HornS","Italy","Chamois","Corlatti_HornS"
2012.15545243619,15.6521740042645,NA,NA,"Corlatti_HornS","Italy","Chamois","Corlatti_HornS"
2012.1879350348,15.4434783520906,NA,NA,"Corlatti_HornS","Italy","Chamois","Corlatti_HornS"
2012.15545243619,15.0260870477428,NA,NA,"Corlatti_HornS","Italy","Chamois","Corlatti_HornS"
2012.15545243619,14.7478261781775,NA,NA,"Corlatti_HornS","Italy","Chamois","Corlatti_HornS"
2012.15545243619,14.4695653086123,NA,NA,"Corlatti_HornS","Italy","Chamois","Corlatti_HornS"
2012.15545243619,14.0521740042645,NA,NA,"Corlatti_HornS","Italy","Chamois","Corlatti_HornS"
2012.15545243619,13.5652174825254,NA,NA,"Corlatti_HornS","Italy","Chamois","Corlatti_HornS"
2012.15545243619,12.5217392216558,NA,NA,"Corlatti_HornS","Italy","Chamois","Corlatti_HornS"
2013.16241299304,18.8521740042645,NA,NA,"Corlatti_HornS","Italy","Chamois","Corlatti_HornS"
2013.16241299304,18.504347917308,NA,NA,"Corlatti_HornS","Italy","Chamois","Corlatti_HornS"
2013.16241299304,17.5304348738297,NA,NA,"Corlatti_HornS","Italy","Chamois","Corlatti_HornS"
2013.16241299304,17.3217392216558,NA,NA,"Corlatti_HornS","Italy","Chamois","Corlatti_HornS"
2013.16241299304,17.1826087868732,NA,NA,"Corlatti_HornS","Italy","Chamois","Corlatti_HornS"
2013.16241299304,16.9739131346993,NA,NA,"Corlatti_HornS","Italy","Chamois","Corlatti_HornS"
2013.16241299304,16.8347826999167,NA,NA,"Corlatti_HornS","Italy","Chamois","Corlatti_HornS"
2013.16241299304,16.4869566129602,NA,NA,"Corlatti_HornS","Italy","Chamois","Corlatti_HornS"
2013.16241299304,16.2782609607862,NA,NA,"Corlatti_HornS","Italy","Chamois","Corlatti_HornS"
2013.16241299304,16.000000091221,NA,NA,"Corlatti_HornS","Italy","Chamois","Corlatti_HornS"
2013.16241299304,15.6521740042645,NA,NA,"Corlatti_HornS","Italy","Chamois","Corlatti_HornS"
2013.16241299304,15.4434783520906,NA,NA,"Corlatti_HornS","Italy","Chamois","Corlatti_HornS"
2013.16241299304,15.2347826999167,NA,NA,"Corlatti_HornS","Italy","Chamois","Corlatti_HornS"
2013.16241299304,14.9565218303515,NA,NA,"Corlatti_HornS","Italy","Chamois","Corlatti_HornS"
2013.16241299304,14.5391305260036,NA,NA,"Corlatti_HornS","Italy","Chamois","Corlatti_HornS"
2013.16241299304,14.0521740042645,NA,NA,"Corlatti_HornS","Italy","Chamois","Corlatti_HornS"
2013.19489559165,13.5652174825254,NA,NA,"Corlatti_HornS","Italy","Chamois","Corlatti_HornS"
2013.16241299304,12.8695653086123,NA,NA,"Corlatti_HornS","Italy","Chamois","Corlatti_HornS"
2013.19489559165,12.4521740042645,NA,NA,"Corlatti_HornS","Italy","Chamois","Corlatti_HornS"
2013.16241299304,12.0347826999167,NA,NA,"Corlatti_HornS","Italy","Chamois","Corlatti_HornS"
2013.16241299304,11.5478261781775,NA,NA,"Corlatti_HornS","Italy","Chamois","Corlatti_HornS"
1975.05617977528,85.1813483873807,NA,5,"Garel_2007_age5","France","Mouflon","Garel_2007"
1974.04494382022,79.5854926191883,NA,5,"Garel_2007_age5","France","Mouflon","Garel_2007"
1975,80.1036273393347,NA,5,"Garel_2007_age5","France","Mouflon","Garel_2007"
1975,78.6528501229247,NA,5,"Garel_2007_age5","France","Mouflon","Garel_2007"
1976.01123595506,79.0673578990418,NA,5,"Garel_2007_age5","France","Mouflon","Garel_2007"
1976.01123595506,77.6165806826318,NA,5,"Garel_2007_age5","France","Mouflon","Garel_2007"
1972.97752808989,72.5388604251966,NA,5,"Garel_2007_age5","France","Mouflon","Garel_2007"
1975,73.1606220893724,NA,5,"Garel_2007_age5","France","Mouflon","Garel_2007"
1976.01123595506,74.093264585636,NA,5,"Garel_2007_age5","France","Mouflon","Garel_2007"
1978.98876404494,77.0984459624853,NA,5,"Garel_2007_age5","France","Mouflon","Garel_2007"
1978.98876404494,76.0621765221924,NA,5,"Garel_2007_age5","France","Mouflon","Garel_2007"
1978.98876404494,72.5388604251966,NA,5,"Garel_2007_age5","France","Mouflon","Garel_2007"
1979.04494382022,71.7098448729623,NA,5,"Garel_2007_age5","France","Mouflon","Garel_2007"
1978.03370786517,71.0880832087866,NA,5,"Garel_2007_age5","France","Mouflon","Garel_2007"
1973.98876404494,70.880829320728,NA,5,"Garel_2007_age5","France","Mouflon","Garel_2007"
1975,71.0880832087866,NA,5,"Garel_2007_age5","France","Mouflon","Garel_2007"
1973.03370786517,69.5336790483473,NA,5,"Garel_2007_age5","France","Mouflon","Garel_2007"
1975.05617977528,69.5336790483473,NA,5,"Garel_2007_age5","France","Mouflon","Garel_2007"
1972.02247191011,67.0466323916443,NA,5,"Garel_2007_age5","France","Mouflon","Garel_2007"
1973.03370786517,67.5647671117908,NA,5,"Garel_2007_age5","France","Mouflon","Garel_2007"
1973.03370786517,66.5284976714979,NA,5,"Garel_2007_age5","France","Mouflon","Garel_2007"
1974.04494382022,67.0466323916443,NA,5,"Garel_2007_age5","France","Mouflon","Garel_2007"
1975,67.7720209998493,NA,5,"Garel_2007_age5","France","Mouflon","Garel_2007"
1976.01123595506,68.0829018319372,NA,5,"Garel_2007_age5","France","Mouflon","Garel_2007"
1976.96629213483,73.3678759774309,NA,5,"Garel_2007_age5","France","Mouflon","Garel_2007"
1977.02247191011,72.8497412572845,NA,5,"Garel_2007_age5","France","Mouflon","Garel_2007"
1977.02247191011,72.0207257050502,NA,5,"Garel_2007_age5","France","Mouflon","Garel_2007"
1977.02247191011,70.9844562647573,NA,5,"Garel_2007_age5","France","Mouflon","Garel_2007"
1977.02247191011,69.430052104318,NA,5,"Garel_2007_age5","France","Mouflon","Garel_2007"
1977.02247191011,68.3937826640251,NA,5,"Garel_2007_age5","France","Mouflon","Garel_2007"
1977.02247191011,67.6683940558201,NA,5,"Garel_2007_age5","France","Mouflon","Garel_2007"
1977.02247191011,66.943005447615,NA,5,"Garel_2007_age5","France","Mouflon","Garel_2007"
1978.03370786517,69.1191712722301,NA,5,"Garel_2007_age5","France","Mouflon","Garel_2007"
1974.04494382022,64.6632126789707,NA,5,"Garel_2007_age5","France","Mouflon","Garel_2007"
1974.04494382022,63.7305701827071,NA,5,"Garel_2007_age5","France","Mouflon","Garel_2007"
1974.04494382022,62.7979276864435,NA,5,"Garel_2007_age5","France","Mouflon","Garel_2007"
1975,64.2487049028535,NA,5,"Garel_2007_age5","France","Mouflon","Garel_2007"
1976.01123595506,63.5233162946485,NA,5,"Garel_2007_age5","France","Mouflon","Garel_2007"
1977.02247191011,63.0051815745021,NA,5,"Garel_2007_age5","France","Mouflon","Garel_2007"
1977.02247191011,65.0777204550878,NA,5,"Garel_2007_age5","France","Mouflon","Garel_2007"
1977.02247191011,64.2487049028535,NA,5,"Garel_2007_age5","France","Mouflon","Garel_2007"
1975.05617977528,60.9326426939163,NA,5,"Garel_2007_age5","France","Mouflon","Garel_2007"
1973.03370786517,58.652849925272,NA,5,"Garel_2007_age5","France","Mouflon","Garel_2007"
1973.03370786517,58.0310882610962,NA,5,"Garel_2007_age5","France","Mouflon","Garel_2007"
1976.01123595506,59.5854924215355,NA,5,"Garel_2007_age5","France","Mouflon","Garel_2007"
1975.95505617977,57.8238343730376,NA,5,"Garel_2007_age5","France","Mouflon","Garel_2007"
1977.02247191011,56.5803110446862,NA,5,"Garel_2007_age5","France","Mouflon","Garel_2007"
1977.02247191011,59.0673577013891,NA,5,"Garel_2007_age5","France","Mouflon","Garel_2007"
1979.04494382022,58.0310882610962,NA,5,"Garel_2007_age5","France","Mouflon","Garel_2007"
1978.03370786517,60.9326426939163,NA,5,"Garel_2007_age5","France","Mouflon","Garel_2007"
1978.03370786517,61.8652851901799,NA,5,"Garel_2007_age5","France","Mouflon","Garel_2007"
1977.97752808989,63.0051815745021,NA,5,"Garel_2007_age5","France","Mouflon","Garel_2007"
1978.03370786517,63.8341971267364,NA,5,"Garel_2007_age5","France","Mouflon","Garel_2007"
1978.03370786517,64.9740935110586,NA,5,"Garel_2007_age5","France","Mouflon","Garel_2007"
1978.03370786517,66.0103629513515,NA,5,"Garel_2007_age5","France","Mouflon","Garel_2007"
1977.97752808989,66.6321246155272,NA,5,"Garel_2007_age5","France","Mouflon","Garel_2007"
1979.1011235955,67.5647671117908,NA,5,"Garel_2007_age5","France","Mouflon","Garel_2007"
1991.96629213483,75.4404148580167,NA,5,"Garel_2007_age5","France","Mouflon","Garel_2007"
1991.96629213483,69.1191712722301,NA,5,"Garel_2007_age5","France","Mouflon","Garel_2007"
1992.97752808989,67.7720209998493,NA,5,"Garel_2007_age5","France","Mouflon","Garel_2007"
1991.96629213483,66.1139898953807,NA,5,"Garel_2007_age5","France","Mouflon","Garel_2007"
1991.01123595506,62.4870468543556,NA,5,"Garel_2007_age5","France","Mouflon","Garel_2007"
1993.03370786517,62.6943007424142,NA,5,"Garel_2007_age5","France","Mouflon","Garel_2007"
1995,62.1761660222678,NA,5,"Garel_2007_age5","France","Mouflon","Garel_2007"
1996.01123595506,61.9689121342092,NA,5,"Garel_2007_age5","France","Mouflon","Garel_2007"
1997.02247191011,64.041451014795,NA,5,"Garel_2007_age5","France","Mouflon","Garel_2007"
1997.02247191011,58.1347152051255,NA,5,"Garel_2007_age5","France","Mouflon","Garel_2007"
1995.95505617977,58.0310882610962,NA,5,"Garel_2007_age5","France","Mouflon","Garel_2007"
1995,59.0673577013891,NA,5,"Garel_2007_age5","France","Mouflon","Garel_2007"
1995,58.0310882610962,NA,5,"Garel_2007_age5","France","Mouflon","Garel_2007"
1992.97752808989,58.3419690931841,NA,5,"Garel_2007_age5","France","Mouflon","Garel_2007"
1992.97752808989,57.5129535409498,NA,5,"Garel_2007_age5","France","Mouflon","Garel_2007"
1992.97752808989,56.891191876774,NA,5,"Garel_2007_age5","France","Mouflon","Garel_2007"
1991.96629213483,57.5129535409498,NA,5,"Garel_2007_age5","France","Mouflon","Garel_2007"
1993.98876404494,56.0621763245397,NA,5,"Garel_2007_age5","France","Mouflon","Garel_2007"
1995.95505617977,55.6476685484226,NA,5,"Garel_2007_age5","France","Mouflon","Garel_2007"
1995.95505617977,54.4041452200711,NA,5,"Garel_2007_age5","France","Mouflon","Garel_2007"
1993.98876404494,49.0155441305481,NA,5,"Garel_2007_age5","France","Mouflon","Garel_2007"
1995,48.9119171865188,NA,5,"Garel_2007_age5","France","Mouflon","Garel_2007"
1991.01123595506,44.4559585932594,NA,5,"Garel_2007_age5","France","Mouflon","Garel_2007"
1995,41.0362694402929,NA,5,"Garel_2007_age5","France","Mouflon","Garel_2007"
1996.01123595506,44.0414508171423,NA,5,"Garel_2007_age5","France","Mouflon","Garel_2007"
1970.98760056546,77.5274731562688,NA,6,"Garel_2007_age6","France","Mouflon","Garel_2007"
1972.09930543357,75.9615390903347,NA,6,"Garel_2007_age6","France","Mouflon","Garel_2007"
1973.04425457146,77.4450555738512,NA,6,"Garel_2007_age6","France","Mouflon","Garel_2007"
1973.04425457146,80.9890116178073,NA,6,"Garel_2007_age6","France","Mouflon","Garel_2007"
1976.04585771536,82.5549456837413,NA,6,"Garel_2007_age6","France","Mouflon","Garel_2007"
1976.04585771536,81.0714292002248,NA,6,"Garel_2007_age6","France","Mouflon","Garel_2007"
1977.04639209666,77.9395610683567,NA,6,"Garel_2007_age6","France","Mouflon","Garel_2007"
1977.04639209666,75.4670335958292,NA,6,"Garel_2007_age6","France","Mouflon","Garel_2007"
1970.98760056546,72.0054951342908,NA,6,"Garel_2007_age6","France","Mouflon","Garel_2007"
1975.99027247195,73.4890116178073,NA,6,"Garel_2007_age6","France","Mouflon","Garel_2007"
1973.04425457146,70.9340665628622,NA,6,"Garel_2007_age6","France","Mouflon","Garel_2007"
1975.04532333406,71.5109896397853,NA,6,"Garel_2007_age6","France","Mouflon","Garel_2007"
1975.04532333406,70.9340665628622,NA,6,"Garel_2007_age6","France","Mouflon","Garel_2007"
1973.98920370935,70.0274731562688,NA,6,"Garel_2007_age6","France","Mouflon","Garel_2007"
1973.09983981486,66.9780226068182,NA,6,"Garel_2007_age6","France","Mouflon","Garel_2007"
1974.04478895276,65.9890116178072,NA,6,"Garel_2007_age6","France","Mouflon","Garel_2007"
1975.04532333406,68.9560445848402,NA,6,"Garel_2007_age6","France","Mouflon","Garel_2007"
1976.04585771536,69.9450555738512,NA,6,"Garel_2007_age6","France","Mouflon","Garel_2007"
1976.99080685325,69.9450555738512,NA,6,"Garel_2007_age6","France","Mouflon","Garel_2007"
1977.04639209666,69.0384621672578,NA,6,"Garel_2007_age6","France","Mouflon","Garel_2007"
1976.99080685325,68.4615390903347,NA,6,"Garel_2007_age6","France","Mouflon","Garel_2007"
1978.04692647795,68.214286343082,NA,6,"Garel_2007_age6","France","Mouflon","Garel_2007"
1976.04585771536,65.9890116178072,NA,6,"Garel_2007_age6","France","Mouflon","Garel_2007"
1976.99080685325,65.9890116178072,NA,6,"Garel_2007_age6","France","Mouflon","Garel_2007"
1978.10251172136,66.4010995298951,NA,6,"Garel_2007_age6","France","Mouflon","Garel_2007"
1974.98973809065,64.0109896397853,NA,6,"Garel_2007_age6","France","Mouflon","Garel_2007"
1976.04585771536,64.0109896397853,NA,6,"Garel_2007_age6","France","Mouflon","Garel_2007"
1977.04639209666,62.5274731562688,NA,6,"Garel_2007_age6","France","Mouflon","Garel_2007"
1978.04692647795,61.2087918375875,NA,6,"Garel_2007_age6","France","Mouflon","Garel_2007"
1990.05333905354,69.6153852441809,NA,6,"Garel_2007_age6","France","Mouflon","Garel_2007"
1990.05333905354,69.1208797496754,NA,6,"Garel_2007_age6","France","Mouflon","Garel_2007"
1993.99989133533,67.9670335958292,NA,6,"Garel_2007_age6","France","Mouflon","Garel_2007"
1994.05547657874,66.8956050244007,NA,6,"Garel_2007_age6","France","Mouflon","Garel_2007"
1990.05333905354,63.269231398027,NA,6,"Garel_2007_age6","France","Mouflon","Garel_2007"
1991.05387343484,64.5054951342908,NA,6,"Garel_2007_age6","France","Mouflon","Garel_2007"
1992.99935695404,64.7527478815435,NA,6,"Garel_2007_age6","France","Mouflon","Garel_2007"
1995.05601096004,64.9175830463787,NA,6,"Garel_2007_age6","France","Mouflon","Garel_2007"
1995.00042571663,62.9395610683567,NA,6,"Garel_2007_age6","France","Mouflon","Garel_2007"
1992.05440781614,63.5164841452798,NA,6,"Garel_2007_age6","France","Mouflon","Garel_2007"
1992.05440781614,62.9395610683567,NA,6,"Garel_2007_age6","France","Mouflon","Garel_2007"
1990.99828819144,63.0219786507743,NA,6,"Garel_2007_age6","France","Mouflon","Garel_2007"
1991.10945867825,62.6923083211039,NA,6,"Garel_2007_age6","France","Mouflon","Garel_2007"
1990.99828819144,62.280220409016,NA,6,"Garel_2007_age6","France","Mouflon","Garel_2007"
1991.05387343484,61.4560445848402,NA,6,"Garel_2007_age6","France","Mouflon","Garel_2007"
1992.99935695404,60.9615390903347,NA,6,"Garel_2007_age6","France","Mouflon","Garel_2007"
1990.05333905354,59.9725281013237,NA,6,"Garel_2007_age6","France","Mouflon","Garel_2007"
1991.99882257274,59.9725281013237,NA,6,"Garel_2007_age6","France","Mouflon","Garel_2007"
1994.05547657874,59.4780226068182,NA,6,"Garel_2007_age6","France","Mouflon","Garel_2007"
1995.05601096004,58.4890116178072,NA,6,"Garel_2007_age6","France","Mouflon","Garel_2007"
1995.05601096004,57.9120885408842,NA,6,"Garel_2007_age6","France","Mouflon","Garel_2007"
1995.00042571663,56.9230775518732,NA,6,"Garel_2007_age6","France","Mouflon","Garel_2007"
1994.05547657874,57.5000006287963,NA,6,"Garel_2007_age6","France","Mouflon","Garel_2007"
1991.05387343484,57.5000006287963,NA,6,"Garel_2007_age6","France","Mouflon","Garel_2007"
1991.05387343484,56.9230775518732,NA,6,"Garel_2007_age6","France","Mouflon","Garel_2007"
1993.05494219744,56.5109896397853,NA,6,"Garel_2007_age6","France","Mouflon","Garel_2007"
1992.99935695404,55.9340665628622,NA,6,"Garel_2007_age6","France","Mouflon","Garel_2007"
1989.99775381014,54.9450555738512,NA,6,"Garel_2007_age6","France","Mouflon","Garel_2007"
1990.05333905354,53.4615390903347,NA,6,"Garel_2007_age6","France","Mouflon","Garel_2007"
1993.05494219744,53.8736270024226,NA,6,"Garel_2007_age6","France","Mouflon","Garel_2007"
1993.99989133533,54.1208797496754,NA,6,"Garel_2007_age6","France","Mouflon","Garel_2007"
1993.99989133533,53.5439566727523,NA,6,"Garel_2007_age6","France","Mouflon","Garel_2007"
1995.00042571663,51.7307698595655,NA,6,"Garel_2007_age6","France","Mouflon","Garel_2007"
1996.00096009793,46.9505500793457,NA,6,"Garel_2007_age6","France","Mouflon","Garel_2007"
1969.88986784141,77.9683974142575,NA,7,"Garel_2007_age7","France","Mouflon","Garel_2007"
1970.93612334802,77.4943567713605,NA,7,"Garel_2007_age7","France","Mouflon","Garel_2007"
1970,74.4469526384514,NA,7,"Garel_2007_age7","France","Mouflon","Garel_2007"
1970,72.4153498831787,NA,7,"Garel_2007_age7","France","Mouflon","Garel_2007"
1969.9449339207,68.4875845563182,NA,7,"Garel_2007_age7","France","Mouflon","Garel_2007"
1970.99118942731,68.4198644644758,NA,7,"Garel_2007_age7","France","Mouflon","Garel_2007"
1971.92731277533,67.4040630868394,NA,7,"Garel_2007_age7","France","Mouflon","Garel_2007"
1971.98237885462,72.9571106179181,NA,7,"Garel_2007_age7","France","Mouflon","Garel_2007"
1971.98237885462,75.4627540160878,NA,7,"Garel_2007_age7","France","Mouflon","Garel_2007"
1972.97356828194,76.4108353018817,NA,7,"Garel_2007_age7","France","Mouflon","Garel_2007"
1974.01982378855,76.8848759447787,NA,7,"Garel_2007_age7","France","Mouflon","Garel_2007"
1972.97356828194,80.3386006287423,NA,7,"Garel_2007_age7","France","Mouflon","Garel_2007"
1973.96475770925,79.3905193429483,NA,7,"Garel_2007_age7","France","Mouflon","Garel_2007"
1972.97356828194,71.9413092402818,NA,7,"Garel_2007_age7","France","Mouflon","Garel_2007"
1974.01982378855,68.8939051073727,NA,7,"Garel_2007_age7","France","Mouflon","Garel_2007"
1974.95594713656,73.4311512608151,NA,7,"Garel_2007_age7","France","Mouflon","Garel_2007"
1975.01101321586,72.9571106179181,NA,7,"Garel_2007_age7","France","Mouflon","Garel_2007"
1975.94713656388,70.3837471279061,NA,7,"Garel_2007_age7","France","Mouflon","Garel_2007"
1975.94713656388,69.9097064850091,NA,7,"Garel_2007_age7","France","Mouflon","Garel_2007"
1974.90088105727,66.4559818010455,NA,7,"Garel_2007_age7","France","Mouflon","Garel_2007"
1974.95594713656,65.8465009744637,NA,7,"Garel_2007_age7","France","Mouflon","Garel_2007"
1976.99339207048,65.9819411581486,NA,7,"Garel_2007_age7","France","Mouflon","Garel_2007"
1975.94713656388,63.9503384028759,NA,7,"Garel_2007_age7","France","Mouflon","Garel_2007"
1976.00220264317,61.9864557394456,NA,7,"Garel_2007_age7","France","Mouflon","Garel_2007"
1976.99339207048,57.9232502289002,NA,7,"Garel_2007_age7","France","Mouflon","Garel_2007"
1988.94273127753,72.9571106179181,NA,7,"Garel_2007_age7","France","Mouflon","Garel_2007"
1988.94273127753,68.4875845563182,NA,7,"Garel_2007_age7","France","Mouflon","Garel_2007"
1989.98898678414,68.1489840971061,NA,7,"Garel_2007_age7","France","Mouflon","Garel_2007"
1991.91629955947,76.8848759447787,NA,7,"Garel_2007_age7","France","Mouflon","Garel_2007"
1991.97136563877,74.0406320873969,NA,7,"Garel_2007_age7","France","Mouflon","Garel_2007"
1990.98017621145,69.9097064850091,NA,7,"Garel_2007_age7","France","Mouflon","Garel_2007"
1990.98017621145,68.9616251992152,NA,7,"Garel_2007_age7","France","Mouflon","Garel_2007"
1990.98017621145,65.5079005152516,NA,7,"Garel_2007_age7","France","Mouflon","Garel_2007"
1989.93392070485,63.2054173926092,NA,7,"Garel_2007_age7","France","Mouflon","Garel_2007"
1989.93392070485,61.9187356476032,NA,7,"Garel_2007_age7","France","Mouflon","Garel_2007"
1989.98898678414,59.006771698379,NA,7,"Garel_2007_age7","France","Mouflon","Garel_2007"
1991.97136563877,55.9593675654699,NA,7,"Garel_2007_age7","France","Mouflon","Garel_2007"
1992.96255506608,70.9255078626454,NA,7,"Garel_2007_age7","France","Mouflon","Garel_2007"
1992.96255506608,69.9097064850091,NA,7,"Garel_2007_age7","France","Mouflon","Garel_2007"
1993.01762114537,67.9458238215788,NA,7,"Garel_2007_age7","France","Mouflon","Garel_2007"
1992.96255506608,67.0654626276273,NA,7,"Garel_2007_age7","France","Mouflon","Garel_2007"
1992.96255506608,66.4559818010455,NA,7,"Garel_2007_age7","France","Mouflon","Garel_2007"
1992.96255506608,65.1693000560395,NA,7,"Garel_2007_age7","France","Mouflon","Garel_2007"
1992.96255506608,64.0180584947183,NA,7,"Garel_2007_age7","France","Mouflon","Garel_2007"
1992.96255506608,62.9345370252395,NA,7,"Garel_2007_age7","France","Mouflon","Garel_2007"
1991.97136563877,63.4085776681365,NA,7,"Garel_2007_age7","France","Mouflon","Garel_2007"
1991.97136563877,61.9187356476032,NA,7,"Garel_2007_age7","France","Mouflon","Garel_2007"
1992.96255506608,61.9864557394456,NA,7,"Garel_2007_age7","France","Mouflon","Garel_2007"
1993.01762114537,60.0225730760153,NA,7,"Garel_2007_age7","France","Mouflon","Garel_2007"
1992.96255506608,58.9390516065366,NA,7,"Garel_2007_age7","France","Mouflon","Garel_2007"
1993.01762114537,58.3972908717972,NA,7,"Garel_2007_age7","France","Mouflon","Garel_2007"
1992.96255506608,56.9751689431063,NA,7,"Garel_2007_age7","France","Mouflon","Garel_2007"
1993.95374449339,69.9774265768515,NA,7,"Garel_2007_age7","France","Mouflon","Garel_2007"
1993.95374449339,68.9616251992152,NA,7,"Garel_2007_age7","France","Mouflon","Garel_2007"
1993.95374449339,68.3521443726334,NA,7,"Garel_2007_age7","France","Mouflon","Garel_2007"
1993.95374449339,66.5914219847304,NA,7,"Garel_2007_age7","France","Mouflon","Garel_2007"
1993.95374449339,66.1173813418334,NA,7,"Garel_2007_age7","France","Mouflon","Garel_2007"
1993.95374449339,64.4920991376153,NA,7,"Garel_2007_age7","France","Mouflon","Garel_2007"
1993.95374449339,63.8826183110334,NA,7,"Garel_2007_age7","France","Mouflon","Garel_2007"
1995,66.4559818010455,NA,7,"Garel_2007_age7","France","Mouflon","Garel_2007"
1994.00881057269,62.9345370252395,NA,7,"Garel_2007_age7","France","Mouflon","Garel_2007"
1994.9449339207,63.9503384028759,NA,7,"Garel_2007_age7","France","Mouflon","Garel_2007"
1993.95374449339,61.9187356476032,NA,7,"Garel_2007_age7","France","Mouflon","Garel_2007"
1994.9449339207,62.9345370252395,NA,7,"Garel_2007_age7","France","Mouflon","Garel_2007"
1994.00881057269,61.0383744536517,NA,7,"Garel_2007_age7","France","Mouflon","Garel_2007"
1993.95374449339,60.4288936270699,NA,7,"Garel_2007_age7","France","Mouflon","Garel_2007"
1995,60.9706543618093,NA,7,"Garel_2007_age7","France","Mouflon","Garel_2007"
1994.00881057269,58.4650109636396,NA,7,"Garel_2007_age7","France","Mouflon","Garel_2007"
1993.95374449339,57.9232502289002,NA,7,"Garel_2007_age7","France","Mouflon","Garel_2007"
1993.95374449339,57.3814894941608,NA,7,"Garel_2007_age7","France","Mouflon","Garel_2007"
1994.00881057269,56.9074488512639,NA,7,"Garel_2007_age7","France","Mouflon","Garel_2007"
1993.95374449339,56.0270876573124,NA,7,"Garel_2007_age7","France","Mouflon","Garel_2007"
1995,57.9909703207426,NA,7,"Garel_2007_age7","France","Mouflon","Garel_2007"
1994.9449339207,57.4492095860032,NA,7,"Garel_2007_age7","France","Mouflon","Garel_2007"
1995,56.9074488512639,NA,7,"Garel_2007_age7","France","Mouflon","Garel_2007"
1994.88986784141,54.6049657286215,NA,7,"Garel_2007_age7","France","Mouflon","Garel_2007"
1995,50.8803606772882,NA,7,"Garel_2007_age7","France","Mouflon","Garel_2007"
1970,79.1975315235279,NA,8,"Garel_2007_age8","France","Mouflon","Garel_2007"
1969.94708994709,74.0123463383428,NA,8,"Garel_2007_age8","France","Mouflon","Garel_2007"
1971.95767195767,68.0493833753798,NA,8,"Garel_2007_age8","France","Mouflon","Garel_2007"
1971.95767195767,63.4691364617995,NA,8,"Garel_2007_age8","France","Mouflon","Garel_2007"
1972.01058201058,92.0740747334045,NA,8,"Garel_2007_age8","France","Mouflon","Garel_2007"
1971.95767195767,81.7901241161205,NA,8,"Garel_2007_age8","France","Mouflon","Garel_2007"
1972.01058201058,76.1728401655032,NA,8,"Garel_2007_age8","France","Mouflon","Garel_2007"
1973.01587301587,81.0987660914292,NA,8,"Garel_2007_age8","France","Mouflon","Garel_2007"
1974.02116402116,62.8641981901946,NA,8,"Garel_2007_age8","France","Mouflon","Garel_2007"
1975.02645502645,88.0123463383428,NA,8,"Garel_2007_age8","France","Mouflon","Garel_2007"
1973.96825396825,81.1851858445156,NA,8,"Garel_2007_age8","France","Mouflon","Garel_2007"
1973.96825396825,74.5308648568613,NA,8,"Garel_2007_age8","France","Mouflon","Garel_2007"
1974.92063492063,77.555556214886,NA,8,"Garel_2007_age8","France","Mouflon","Garel_2007"
1974.97354497354,75.0493833753798,NA,8,"Garel_2007_age8","France","Mouflon","Garel_2007"
1974.97354497354,74.5308648568613,NA,8,"Garel_2007_age8","France","Mouflon","Garel_2007"
1974.97354497354,73.9259265852563,NA,8,"Garel_2007_age8","France","Mouflon","Garel_2007"
1974.97354497354,72.9753093013057,NA,8,"Garel_2007_age8","France","Mouflon","Garel_2007"
1976.03174603175,76.7777784371082,NA,8,"Garel_2007_age8","France","Mouflon","Garel_2007"
1975.97883597884,74.9629636222934,NA,8,"Garel_2007_age8","France","Mouflon","Garel_2007"
1975.97883597884,72.0246920173551,NA,8,"Garel_2007_age8","France","Mouflon","Garel_2007"
1975.97883597884,69.0000006593304,NA,8,"Garel_2007_age8","France","Mouflon","Garel_2007"
1976.03174603175,65.9753093013057,NA,8,"Garel_2007_age8","France","Mouflon","Garel_2007"
1987.93650793651,73.5802475729107,NA,8,"Garel_2007_age8","France","Mouflon","Garel_2007"
1987.98941798942,72.9753093013057,NA,8,"Garel_2007_age8","France","Mouflon","Garel_2007"
1987.98941798942,71.0740747334045,NA,8,"Garel_2007_age8","France","Mouflon","Garel_2007"
1987.98941798942,68.0493833753798,NA,8,"Garel_2007_age8","France","Mouflon","Garel_2007"
1988.99470899471,76.8641981901946,NA,8,"Garel_2007_age8","France","Mouflon","Garel_2007"
1988.99470899471,69.6049389309353,NA,8,"Garel_2007_age8","France","Mouflon","Garel_2007"
1989.94708994709,73.5802475729107,NA,8,"Garel_2007_age8","France","Mouflon","Garel_2007"
1990,72.0246920173551,NA,8,"Garel_2007_age8","France","Mouflon","Garel_2007"
1989.94708994709,60.0987660914292,NA,8,"Garel_2007_age8","France","Mouflon","Garel_2007"
1990,58.2839512766143,NA,8,"Garel_2007_age8","France","Mouflon","Garel_2007"
1991.00529100529,68.6543216469847,NA,8,"Garel_2007_age8","France","Mouflon","Garel_2007"
1991.00529100529,65.5432105358736,NA,8,"Garel_2007_age8","France","Mouflon","Garel_2007"
1990.95238095238,64.9382722642687,NA,8,"Garel_2007_age8","France","Mouflon","Garel_2007"
1990.95238095238,64.3333339926637,NA,8,"Garel_2007_age8","France","Mouflon","Garel_2007"
1990.95238095238,63.0370376963674,NA,8,"Garel_2007_age8","France","Mouflon","Garel_2007"
1990.95238095238,61.3950623877255,NA,8,"Garel_2007_age8","France","Mouflon","Garel_2007"
1992.01058201058,70.555556214886,NA,8,"Garel_2007_age8","France","Mouflon","Garel_2007"
1991.95767195767,69.0000006593304,NA,8,"Garel_2007_age8","France","Mouflon","Garel_2007"
1991.95767195767,68.1358031284662,NA,8,"Garel_2007_age8","France","Mouflon","Garel_2007"
1991.95767195767,67.0123463383428,NA,8,"Garel_2007_age8","France","Mouflon","Garel_2007"
1992.01058201058,65.8888895482193,NA,8,"Garel_2007_age8","France","Mouflon","Garel_2007"
1991.95767195767,65.1111117704415,NA,8,"Garel_2007_age8","France","Mouflon","Garel_2007"
1991.95767195767,64.4197537457501,NA,8,"Garel_2007_age8","France","Mouflon","Garel_2007"
1991.95767195767,60.0987660914292,NA,8,"Garel_2007_age8","France","Mouflon","Garel_2007"
1991.95767195767,59.4074080667378,NA,8,"Garel_2007_age8","France","Mouflon","Garel_2007"
1992.96296296296,75.2222228815526,NA,8,"Garel_2007_age8","France","Mouflon","Garel_2007"
1992.96296296296,70.555556214886,NA,8,"Garel_2007_age8","France","Mouflon","Garel_2007"
1992.96296296296,69.6913586840218,NA,8,"Garel_2007_age8","France","Mouflon","Garel_2007"
1992.96296296296,66.5802475729107,NA,8,"Garel_2007_age8","France","Mouflon","Garel_2007"
1992.96296296296,65.1111117704415,NA,8,"Garel_2007_age8","France","Mouflon","Garel_2007"
1992.96296296296,63.9012352272316,NA,8,"Garel_2007_age8","France","Mouflon","Garel_2007"
1992.96296296296,62.0864204124168,NA,8,"Garel_2007_age8","France","Mouflon","Garel_2007"
1993.01587301587,61.4814821408119,NA,8,"Garel_2007_age8","France","Mouflon","Garel_2007"
1993.96825396825,77.5555565445512,NA,8,"Garel_2007_age8","France","Mouflon","Garel_2007"
1993.96825396825,76.0000009889956,NA,8,"Garel_2007_age8","France","Mouflon","Garel_2007"
1993.96825396825,73.7530874087487,NA,8,"Garel_2007_age8","France","Mouflon","Garel_2007"
1993.96825396825,69.0000009889956,NA,8,"Garel_2007_age8","France","Mouflon","Garel_2007"
1993.91534391534,68.049383705045,NA,8,"Garel_2007_age8","France","Mouflon","Garel_2007"
1994.02116402116,66.5802479025758,NA,8,"Garel_2007_age8","France","Mouflon","Garel_2007"
1993.96825396825,64.0740750630697,NA,8,"Garel_2007_age8","France","Mouflon","Garel_2007"
1993.96825396825,60.44444543344,NA,8,"Garel_2007_age8","France","Mouflon","Garel_2007"
1993.96825396825,56.0370375315348,NA,8,"Garel_2007_age8","France","Mouflon","Garel_2007"
1994.02116402116,54.5679017290657,NA,8,"Garel_2007_age8","France","Mouflon","Garel_2007"
1982.00980392157,61.3150676295645,NA,NA,"Pelle_Alive ","Alberta Canada",NA,"Pelle_Alive "
1982.00980392157,61.6986292653828,NA,NA,"Pelle_Alive ","Alberta Canada",NA,"Pelle_Alive "
1984.01960784314,62.356163498214,NA,NA,"Pelle_Alive ","Alberta Canada",NA,"Pelle_Alive "
1984.01960784314,61.0410950325515,NA,NA,"Pelle_Alive ","Alberta Canada",NA,"Pelle_Alive "
1983.03921568627,60.273971760915,NA,NA,"Pelle_Alive ","Alberta Canada",NA,"Pelle_Alive "
1982.99019607843,58.6301361788369,NA,NA,"Pelle_Alive ","Alberta Canada",NA,"Pelle_Alive "
1984.01960784314,58.3561635818238,NA,NA,"Pelle_Alive ","Alberta Canada",NA,"Pelle_Alive "
1982.99019607843,58.0273964654082,NA,NA,"Pelle_Alive ","Alberta Canada",NA,"Pelle_Alive "
1981.96078431373,55.7808211699014,NA,NA,"Pelle_Alive ","Alberta Canada",NA,"Pelle_Alive "
1981.96078431373,55.3424650146805,NA,NA,"Pelle_Alive ","Alberta Canada",NA,"Pelle_Alive "
1981.91176470588,57.3698622325769,NA,NA,"Pelle_Alive ","Alberta Canada",NA,"Pelle_Alive "
1982.00980392157,56.9315060773561,NA,NA,"Pelle_Alive ","Alberta Canada",NA,"Pelle_Alive "
1985,57.0958896355639,NA,NA,"Pelle_Alive ","Alberta Canada",NA,"Pelle_Alive "
1982.99019607843,56.0547937669144,NA,NA,"Pelle_Alive ","Alberta Canada",NA,"Pelle_Alive "
1985.93137254902,57.6986293489926,NA,NA,"Pelle_Alive ","Alberta Canada",NA,"Pelle_Alive "
1986.96078431373,58.4109581012264,NA,NA,"Pelle_Alive ","Alberta Canada",NA,"Pelle_Alive "
1986.96078431373,58.9589032952525,NA,NA,"Pelle_Alive ","Alberta Canada",NA,"Pelle_Alive "
1986.96078431373,59.726026566889,NA,NA,"Pelle_Alive ","Alberta Canada",NA,"Pelle_Alive "
1987.99019607843,60.6027388773307,NA,NA,"Pelle_Alive ","Alberta Canada",NA,"Pelle_Alive "
1988.97058823529,61.9726018623958,NA,NA,"Pelle_Alive ","Alberta Canada",NA,"Pelle_Alive "
1987.99019607843,59.7808210862916,NA,NA,"Pelle_Alive ","Alberta Canada",NA,"Pelle_Alive "
1987.99019607843,58.5753416594343,NA,NA,"Pelle_Alive ","Alberta Canada",NA,"Pelle_Alive "
1988.97058823529,59.999999163902,NA,NA,"Pelle_Alive ","Alberta Canada",NA,"Pelle_Alive "
1987.99019607843,57.4794512713821,NA,NA,"Pelle_Alive ","Alberta Canada",NA,"Pelle_Alive "
1988.92156862745,56.6027389609405,NA,NA,"Pelle_Alive ","Alberta Canada",NA,"Pelle_Alive "
1981.96078431373,53.6986294326024,NA,NA,"Pelle_Alive ","Alberta Canada",NA,"Pelle_Alive "
1982.00980392157,51.2328760594851,NA,NA,"Pelle_Alive ","Alberta Canada",NA,"Pelle_Alive "
1982.05882352941,47.8356158565236,NA,NA,"Pelle_Alive ","Alberta Canada",NA,"Pelle_Alive "
1983.97058823529,50.3013692296408,NA,NA,"Pelle_Alive ","Alberta Canada",NA,"Pelle_Alive "
1984.01960784314,51.1780815400825,NA,NA,"Pelle_Alive ","Alberta Canada",NA,"Pelle_Alive "
1983.97058823529,51.9999993311216,NA,NA,"Pelle_Alive ","Alberta Canada",NA,"Pelle_Alive "
1984.95098039216,52.219177408732,NA,NA,"Pelle_Alive ","Alberta Canada",NA,"Pelle_Alive "
1984.01960784314,52.8767116415633,NA,NA,"Pelle_Alive ","Alberta Canada",NA,"Pelle_Alive "
1985.98039215686,52.7123280833555,NA,NA,"Pelle_Alive ","Alberta Canada",NA,"Pelle_Alive "
1985,50.6849308654591,NA,NA,"Pelle_Alive ","Alberta Canada",NA,"Pelle_Alive "
1985,50.9589034624721,NA,NA,"Pelle_Alive ","Alberta Canada",NA,"Pelle_Alive "
1985.98039215686,50.5205473072512,NA,NA,"Pelle_Alive ","Alberta Canada",NA,"Pelle_Alive "
1985,49.9178075938226,NA,NA,"Pelle_Alive ","Alberta Canada",NA,"Pelle_Alive "
1985,47.9452048953288,NA,NA,"Pelle_Alive ","Alberta Canada",NA,"Pelle_Alive "
1985.98039215686,48.054793934134,NA,NA,"Pelle_Alive ","Alberta Canada",NA,"Pelle_Alive "
1986.02941176471,47.5616432595106,NA,NA,"Pelle_Alive ","Alberta Canada",NA,"Pelle_Alive "
1986.96078431373,49.9178075938226,NA,NA,"Pelle_Alive ","Alberta Canada",NA,"Pelle_Alive "
1986.96078431373,48.9863007639783,NA,NA,"Pelle_Alive ","Alberta Canada",NA,"Pelle_Alive "
1987.00980392157,52.6027390445503,NA,NA,"Pelle_Alive ","Alberta Canada",NA,"Pelle_Alive "
1986.96078431373,53.9726020296154,NA,NA,"Pelle_Alive ","Alberta Canada",NA,"Pelle_Alive "
1985.98039215686,54.301369146031,NA,NA,"Pelle_Alive ","Alberta Canada",NA,"Pelle_Alive "
1985,55.1232869370701,NA,NA,"Pelle_Alive ","Alberta Canada",NA,"Pelle_Alive "
1985.98039215686,54.9041088594597,NA,NA,"Pelle_Alive ","Alberta Canada",NA,"Pelle_Alive "
1987.00980392157,54.9589033788623,NA,NA,"Pelle_Alive ","Alberta Canada",NA,"Pelle_Alive "
1986.02941176471,55.3972595340831,NA,NA,"Pelle_Alive ","Alberta Canada",NA,"Pelle_Alive "
1986.96078431373,55.6712321310962,NA,NA,"Pelle_Alive ","Alberta Canada",NA,"Pelle_Alive "
1987.94117647059,55.2328759758753,NA,NA,"Pelle_Alive ","Alberta Canada",NA,"Pelle_Alive "
1987.99019607843,53.3150677967841,NA,NA,"Pelle_Alive ","Alberta Canada",NA,"Pelle_Alive "
1987.94117647059,56.2739718445248,NA,NA,"Pelle_Alive ","Alberta Canada",NA,"Pelle_Alive "
1987.94117647059,46.4657531849952,NA,NA,"Pelle_Alive ","Alberta Canada",NA,"Pelle_Alive "
1989.01960784314,46.6849312626056,NA,NA,"Pelle_Alive ","Alberta Canada",NA,"Pelle_Alive "
1988.97058823529,49.3150681939307,NA,NA,"Pelle_Alive ","Alberta Canada",NA,"Pelle_Alive "
1988.97058823529,50.520547620788,NA,NA,"Pelle_Alive ","Alberta Canada",NA,"Pelle_Alive "
1988.97058823529,50.9041092566062,NA,NA,"Pelle_Alive ","Alberta Canada",NA,"Pelle_Alive "
1988.97058823529,51.8904106058531,NA,NA,"Pelle_Alive ","Alberta Canada",NA,"Pelle_Alive "
1988.97058823529,52.2191777222688,NA,NA,"Pelle_Alive ","Alberta Canada",NA,"Pelle_Alive "
1989.95098039216,52.5479448386844,NA,NA,"Pelle_Alive ","Alberta Canada",NA,"Pelle_Alive "
1990,50.9041092566062,NA,NA,"Pelle_Alive ","Alberta Canada",NA,"Pelle_Alive "
1990,50.3561640625802,NA,NA,"Pelle_Alive ","Alberta Canada",NA,"Pelle_Alive "
1991.07843137255,59.9999994774387,NA,NA,"Pelle_Alive ","Alberta Canada",NA,"Pelle_Alive "
1990.98039215686,56.9315063908928,NA,NA,"Pelle_Alive ","Alberta Canada",NA,"Pelle_Alive "
1990.93137254902,55.3424653282173,NA,NA,"Pelle_Alive ","Alberta Canada",NA,"Pelle_Alive "
1989.95098039216,54.2465749401652,NA,NA,"Pelle_Alive ","Alberta Canada",NA,"Pelle_Alive "
1990.98039215686,54.0821913819574,NA,NA,"Pelle_Alive ","Alberta Canada",NA,"Pelle_Alive "
1991.96078431373,56.493150235672,NA,NA,"Pelle_Alive ","Alberta Canada",NA,"Pelle_Alive "
1991.96078431373,55.8904105222433,NA,NA,"Pelle_Alive ","Alberta Canada",NA,"Pelle_Alive "
1992.00980392157,53.7534242655417,NA,NA,"Pelle_Alive ","Alberta Canada",NA,"Pelle_Alive "
1990.93137254902,52.6575338774896,NA,NA,"Pelle_Alive ","Alberta Canada",NA,"Pelle_Alive "
1990.93137254902,52.1095886834636,NA,NA,"Pelle_Alive ","Alberta Canada",NA,"Pelle_Alive "
1990.93137254902,51.5616434894375,NA,NA,"Pelle_Alive ","Alberta Canada",NA,"Pelle_Alive "
1990.98039215686,50.8493147372036,NA,NA,"Pelle_Alive ","Alberta Canada",NA,"Pelle_Alive "
1991.02941176471,50.0273969461646,NA,NA,"Pelle_Alive ","Alberta Canada",NA,"Pelle_Alive "
1990.98039215686,49.2054791551255,NA,NA,"Pelle_Alive ","Alberta Canada",NA,"Pelle_Alive "
1990.98039215686,48.6575339610994,NA,NA,"Pelle_Alive ","Alberta Canada",NA,"Pelle_Alive "
1990,47.9999997282682,NA,NA,"Pelle_Alive ","Alberta Canada",NA,"Pelle_Alive "
1990,47.7260271312551,NA,NA,"Pelle_Alive ","Alberta Canada",NA,"Pelle_Alive "
1989.95098039216,47.1232874178265,NA,NA,"Pelle_Alive ","Alberta Canada",NA,"Pelle_Alive "
1989.95098039216,46.5205477043978,NA,NA,"Pelle_Alive ","Alberta Canada",NA,"Pelle_Alive "
1990,45.4794518357483,NA,NA,"Pelle_Alive ","Alberta Canada",NA,"Pelle_Alive "
1990.98039215686,45.3698627969431,NA,NA,"Pelle_Alive ","Alberta Canada",NA,"Pelle_Alive "
1990.98039215686,46.2465751073848,NA,NA,"Pelle_Alive ","Alberta Canada",NA,"Pelle_Alive "
1990.98039215686,47.1780819372291,NA,NA,"Pelle_Alive ","Alberta Canada",NA,"Pelle_Alive "
1991.96078431373,63.5616433431204,NA,NA,"Pelle_Alive ","Alberta Canada",NA,"Pelle_Alive "
1992.99019607843,63.2328762267047,NA,NA,"Pelle_Alive ","Alberta Canada",NA,"Pelle_Alive "
1991.96078431373,60.6575338147823,NA,NA,"Pelle_Alive ","Alberta Canada",NA,"Pelle_Alive "
1992.00980392157,60.0547941013536,NA,NA,"Pelle_Alive ","Alberta Canada",NA,"Pelle_Alive "
1992.99019607843,59.2328763103145,NA,NA,"Pelle_Alive ","Alberta Canada",NA,"Pelle_Alive "
1992.99019607843,57.3698626506259,NA,NA,"Pelle_Alive ","Alberta Canada",NA,"Pelle_Alive "
1992.99019607843,55.5068489909374,NA,NA,"Pelle_Alive ","Alberta Canada",NA,"Pelle_Alive "
1992.99019607843,55.0136983163139,NA,NA,"Pelle_Alive ","Alberta Canada",NA,"Pelle_Alive "
1991.96078431373,52.4383559043914,NA,NA,"Pelle_Alive ","Alberta Canada",NA,"Pelle_Alive "
1991.96078431373,51.3972600357419,NA,NA,"Pelle_Alive ","Alberta Canada",NA,"Pelle_Alive "
1991.96078431373,50.7945203223133,NA,NA,"Pelle_Alive ","Alberta Canada",NA,"Pelle_Alive "
1991.96078431373,49.6438354148586,NA,NA,"Pelle_Alive ","Alberta Canada",NA,"Pelle_Alive "
1991.96078431373,48.8767121432221,NA,NA,"Pelle_Alive ","Alberta Canada",NA,"Pelle_Alive "
1992.00980392157,48.5479450268065,NA,NA,"Pelle_Alive ","Alberta Canada",NA,"Pelle_Alive "
1992.00980392157,47.7260272357674,NA,NA,"Pelle_Alive ","Alberta Canada",NA,"Pelle_Alive "
1990,43.2876711641563,NA,NA,"Pelle_Alive ","Alberta Canada",NA,"Pelle_Alive "
1991.96078431373,45.0958903044423,NA,NA,"Pelle_Alive ","Alberta Canada",NA,"Pelle_Alive "
1992.94117647059,45.9178080954814,NA,NA,"Pelle_Alive ","Alberta Canada",NA,"Pelle_Alive "
1992.99019607843,46.8493149253257,NA,NA,"Pelle_Alive ","Alberta Canada",NA,"Pelle_Alive "
1993.03921568627,49.2054792596377,NA,NA,"Pelle_Alive ","Alberta Canada",NA,"Pelle_Alive "
1990.98039215686,46.7397258865205,NA,NA,"Pelle_Alive ","Alberta Canada",NA,"Pelle_Alive "
1992.99019607843,50.0273970506768,NA,NA,"Pelle_Alive ","Alberta Canada",NA,"Pelle_Alive "
1992.99019607843,50.4657532058976,NA,NA,"Pelle_Alive ","Alberta Canada",NA,"Pelle_Alive "
1992.99019607843,50.8493148417159,NA,NA,"Pelle_Alive ","Alberta Canada",NA,"Pelle_Alive "
1994.01960784314,50.9041093611185,NA,NA,"Pelle_Alive ","Alberta Canada",NA,"Pelle_Alive "
1993.97058823529,50.3013696476898,NA,NA,"Pelle_Alive ","Alberta Canada",NA,"Pelle_Alive "
1993.97058823529,53.0410956178201,NA,NA,"Pelle_Alive ","Alberta Canada",NA,"Pelle_Alive "
1994.01960784314,55.2876709133269,NA,NA,"Pelle_Alive ","Alberta Canada",NA,"Pelle_Alive "
1993.97058823529,56.383561301379,NA,NA,"Pelle_Alive ","Alberta Canada",NA,"Pelle_Alive "
1993.97058823529,56.9863010148077,NA,NA,"Pelle_Alive ","Alberta Canada",NA,"Pelle_Alive "
1995,60.8767118923927,NA,NA,"Pelle_Alive ","Alberta Canada",NA,"Pelle_Alive "
1985.98039215686,57.7534242864442,NA,NA,"Pelle_Alive ","Alberta Canada",NA,"Pelle_Alive "
1995.93137254902,59.726026984938,NA,NA,"Pelle_Alive ","Alberta Canada",NA,"Pelle_Alive "
1994.95098039216,59.3972598685223,NA,NA,"Pelle_Alive ","Alberta Canada",NA,"Pelle_Alive "
1995,59.0136982327041,NA,NA,"Pelle_Alive ","Alberta Canada",NA,"Pelle_Alive "
1995,58.4109585192754,NA,NA,"Pelle_Alive ","Alberta Canada",NA,"Pelle_Alive "
1995.93137254902,57.5890407282364,NA,NA,"Pelle_Alive ","Alberta Canada",NA,"Pelle_Alive "
1997.00980392157,58.7397256356911,NA,NA,"Pelle_Alive ","Alberta Canada",NA,"Pelle_Alive "
1997.94117647059,57.1506845730155,NA,NA,"Pelle_Alive ","Alberta Canada",NA,"Pelle_Alive "
1995,56.4931503401842,NA,NA,"Pelle_Alive ","Alberta Canada",NA,"Pelle_Alive "
1995.98039215686,56.2739722625738,NA,NA,"Pelle_Alive ","Alberta Canada",NA,"Pelle_Alive "
1996.02941176471,55.6712325491452,NA,NA,"Pelle_Alive ","Alberta Canada",NA,"Pelle_Alive "
1994.95098039216,54.8493147581061,NA,NA,"Pelle_Alive ","Alberta Canada",NA,"Pelle_Alive "
1995.98039215686,54.5205476416905,NA,NA,"Pelle_Alive ","Alberta Canada",NA,"Pelle_Alive "
1996.96078431373,54.8493147581061,NA,NA,"Pelle_Alive ","Alberta Canada",NA,"Pelle_Alive "
1997.94117647059,54.7397257193009,NA,NA,"Pelle_Alive ","Alberta Canada",NA,"Pelle_Alive "
1994.95098039216,54.0821914864696,NA,NA,"Pelle_Alive ","Alberta Canada",NA,"Pelle_Alive "
1996.96078431373,53.3698627342357,NA,NA,"Pelle_Alive ","Alberta Canada",NA,"Pelle_Alive "
1997.94117647059,52.493150423794,NA,NA,"Pelle_Alive ","Alberta Canada",NA,"Pelle_Alive "
2000.93137254902,56.2739722625738,NA,NA,"Pelle_Alive ","Alberta Canada",NA,"Pelle_Alive "
2000.98039215686,54.9041092775087,NA,NA,"Pelle_Alive ","Alberta Canada",NA,"Pelle_Alive "
1999.95098039216,53.753424370054,NA,NA,"Pelle_Alive ","Alberta Canada",NA,"Pelle_Alive "
1999.95098039216,52.9315065790149,NA,NA,"Pelle_Alive ","Alberta Canada",NA,"Pelle_Alive "
1994.95098039216,52.7123285014045,NA,NA,"Pelle_Alive ","Alberta Canada",NA,"Pelle_Alive "
1995.98039215686,52.1643833073784,NA,NA,"Pelle_Alive ","Alberta Canada",NA,"Pelle_Alive "
1996.96078431373,52.219177826781,NA,NA,"Pelle_Alive ","Alberta Canada",NA,"Pelle_Alive "
1993.97058823529,48.1643833909882,NA,NA,"Pelle_Alive ","Alberta Canada",NA,"Pelle_Alive "
1994.95098039216,49.8082189730664,NA,NA,"Pelle_Alive ","Alberta Canada",NA,"Pelle_Alive "
1994.95098039216,48.9315066626247,NA,NA,"Pelle_Alive ","Alberta Canada",NA,"Pelle_Alive "
1993.97058823529,44.2191779940006,NA,NA,"Pelle_Alive ","Alberta Canada",NA,"Pelle_Alive "
1993.92156862745,42.4109588537146,NA,NA,"Pelle_Alive ","Alberta Canada",NA,"Pelle_Alive "
1993.97058823529,39.2328767283635,NA,NA,"Pelle_Alive ","Alberta Canada",NA,"Pelle_Alive "
1994.95098039216,40.6027397134287,NA,NA,"Pelle_Alive ","Alberta Canada",NA,"Pelle_Alive "
1994.95098039216,40.8767123104417,NA,NA,"Pelle_Alive ","Alberta Canada",NA,"Pelle_Alive "
1994.95098039216,41.3698629850651,NA,NA,"Pelle_Alive ","Alberta Canada",NA,"Pelle_Alive "
1994.95098039216,41.8630136596886,NA,NA,"Pelle_Alive ","Alberta Canada",NA,"Pelle_Alive "
1994.95098039216,42.4657533731173,NA,NA,"Pelle_Alive ","Alberta Canada",NA,"Pelle_Alive "
1995,43.616438280572,NA,NA,"Pelle_Alive ","Alberta Canada",NA,"Pelle_Alive "
1995,44.3835615522084,NA,NA,"Pelle_Alive ","Alberta Canada",NA,"Pelle_Alive "
1994.95098039216,45.4794519402606,NA,NA,"Pelle_Alive ","Alberta Canada",NA,"Pelle_Alive "
1995,45.9178080954814,NA,NA,"Pelle_Alive ","Alberta Canada",NA,"Pelle_Alive "
1995.98039215686,50.2465751282872,NA,NA,"Pelle_Alive ","Alberta Canada",NA,"Pelle_Alive "
1996.96078431373,51.3972600357419,NA,NA,"Pelle_Alive ","Alberta Canada",NA,"Pelle_Alive "
1997.00980392157,50.6301367641055,NA,NA,"Pelle_Alive ","Alberta Canada",NA,"Pelle_Alive "
1995.98039215686,49.1506847402351,NA,NA,"Pelle_Alive ","Alberta Canada",NA,"Pelle_Alive "
1995.98039215686,48.7123285850143,NA,NA,"Pelle_Alive ","Alberta Canada",NA,"Pelle_Alive "
1995.98039215686,48.7123285850143,NA,NA,"Pelle_Alive ","Alberta Canada",NA,"Pelle_Alive "
1995.98039215686,47.3972601193517,NA,NA,"Pelle_Alive ","Alberta Canada",NA,"Pelle_Alive "
1995.98039215686,46.9041094447283,NA,NA,"Pelle_Alive ","Alberta Canada",NA,"Pelle_Alive "
1995.98039215686,46.5753423283127,NA,NA,"Pelle_Alive ","Alberta Canada",NA,"Pelle_Alive "
1995.98039215686,45.2054793432475,NA,NA,"Pelle_Alive ","Alberta Canada",NA,"Pelle_Alive "
1995.98039215686,45.3150683820527,NA,NA,"Pelle_Alive ","Alberta Canada",NA,"Pelle_Alive "
1997.00980392157,42.6849314507277,NA,NA,"Pelle_Alive ","Alberta Canada",NA,"Pelle_Alive "
1996.96078431373,40.6575342328313,NA,NA,"Pelle_Alive ","Alberta Canada",NA,"Pelle_Alive "
1999.95098039216,39.0684931701557,NA,NA,"Pelle_Alive ","Alberta Canada",NA,"Pelle_Alive "
1998.97058823529,41.534246543273,NA,NA,"Pelle_Alive ","Alberta Canada",NA,"Pelle_Alive "
1998.92156862745,43.9452053969876,NA,NA,"Pelle_Alive ","Alberta Canada",NA,"Pelle_Alive "
1998.97058823529,44.5479451104163,NA,NA,"Pelle_Alive ","Alberta Canada",NA,"Pelle_Alive "
1998.97058823529,45.2054793432475,NA,NA,"Pelle_Alive ","Alberta Canada",NA,"Pelle_Alive "
1997.89215686274,45.7534245372736,NA,NA,"Pelle_Alive ","Alberta Canada",NA,"Pelle_Alive "
1997.99019607843,46.4109587701048,NA,NA,"Pelle_Alive ","Alberta Canada",NA,"Pelle_Alive "
1996.96078431373,46.8493149253257,NA,NA,"Pelle_Alive ","Alberta Canada",NA,"Pelle_Alive "
1997.99019607843,47.9452053133778,NA,NA,"Pelle_Alive ","Alberta Canada",NA,"Pelle_Alive "
1998.97058823529,49.1506847402351,NA,NA,"Pelle_Alive ","Alberta Canada",NA,"Pelle_Alive "
1998.97058823529,49.863013492469,NA,NA,"Pelle_Alive ","Alberta Canada",NA,"Pelle_Alive "
1998.97058823529,50.7945203223133,NA,NA,"Pelle_Alive ","Alberta Canada",NA,"Pelle_Alive "
1999.95098039216,51.6164381133524,NA,NA,"Pelle_Alive ","Alberta Canada",NA,"Pelle_Alive "
1999.95098039216,51.0684929193263,NA,NA,"Pelle_Alive ","Alberta Canada",NA,"Pelle_Alive "
1999.95098039216,50.4657532058976,NA,NA,"Pelle_Alive ","Alberta Canada",NA,"Pelle_Alive "
2001.96078431373,52.8767120596123,NA,NA,"Pelle_Alive ","Alberta Canada",NA,"Pelle_Alive "
2002.99019607843,54.0821914864696,NA,NA,"Pelle_Alive ","Alberta Canada",NA,"Pelle_Alive "
2003.92156862745,53.5890408118462,NA,NA,"Pelle_Alive ","Alberta Canada",NA,"Pelle_Alive "
2000.93137254902,49.3698628178455,NA,NA,"Pelle_Alive ","Alberta Canada",NA,"Pelle_Alive "
2001.91176470588,49.1506847402351,NA,NA,"Pelle_Alive ","Alberta Canada",NA,"Pelle_Alive "
2002.94117647059,48.7123285850143,NA,NA,"Pelle_Alive ","Alberta Canada",NA,"Pelle_Alive "
2003.87254901961,43.6712327999746,NA,NA,"Pelle_Alive ","Alberta Canada",NA,"Pelle_Alive "
2004.01960784314,44.9315067462345,NA,NA,"Pelle_Alive ","Alberta Canada",NA,"Pelle_Alive "
2002.99019607843,44.164383474598,NA,NA,"Pelle_Alive ","Alberta Canada",NA,"Pelle_Alive "
2002.00980392157,44.1095889551954,NA,NA,"Pelle_Alive ","Alberta Canada",NA,"Pelle_Alive "
2000.88235294118,43.5068492417668,NA,NA,"Pelle_Alive ","Alberta Canada",NA,"Pelle_Alive "
2002.94117647059,46.6849311580934,NA,NA,"Pelle_Alive ","Alberta Canada",NA,"Pelle_Alive "
2003.97058823529,46.6301366386908,NA,NA,"Pelle_Alive ","Alberta Canada",NA,"Pelle_Alive "
1984.95081967213,86.2465758257991,NA,NA,"Pelle_Shot","Alberta Canada",NA,"Pelle_Shot"
1984.01639344262,83.0684936008035,NA,NA,"Pelle_Shot","Alberta Canada",NA,"Pelle_Shot"
1982.93442622951,83.0684936008035,NA,NA,"Pelle_Shot","Alberta Canada",NA,"Pelle_Shot"
1982.98360655738,79.3424661646016,NA,NA,"Pelle_Shot","Alberta Canada",NA,"Pelle_Shot"
1983.96721311475,80.6575346714964,NA,NA,"Pelle_Shot","Alberta Canada",NA,"Pelle_Shot"
1987.01639344262,81.7534250939087,NA,NA,"Pelle_Shot","Alberta Canada",NA,"Pelle_Shot"
1988,83.6164388120096,NA,NA,"Pelle_Shot","Alberta Canada",NA,"Pelle_Shot"
1989.03278688525,82.3013703051149,NA,NA,"Pelle_Shot","Alberta Canada",NA,"Pelle_Shot"
1989.03278688525,81.2054798827025,NA,NA,"Pelle_Shot","Alberta Canada",NA,"Pelle_Shot"
1985.98360655738,77.8082195732244,NA,NA,"Pelle_Shot","Alberta Canada",NA,"Pelle_Shot"
1988.98360655738,76.9315072352946,NA,NA,"Pelle_Shot","Alberta Canada",NA,"Pelle_Shot"
1986.96721311475,74.9589044749524,NA,NA,"Pelle_Shot","Alberta Canada",NA,"Pelle_Shot"
1983.03278688525,74.73972639047,NA,NA,"Pelle_Shot","Alberta Canada",NA,"Pelle_Shot"
1982,69.4794523628909,NA,NA,"Pelle_Shot","Alberta Canada",NA,"Pelle_Shot"
1983.96721311475,66.9589043913426,NA,NA,"Pelle_Shot","Alberta Canada",NA,"Pelle_Shot"
1984.95081967213,72.5479455456454,NA,NA,"Pelle_Shot","Alberta Canada",NA,"Pelle_Shot"
1984.95081967213,71.3424660809918,NA,NA,"Pelle_Shot","Alberta Canada",NA,"Pelle_Shot"
1991.98360655738,77.0410962775358,NA,NA,"Pelle_Shot","Alberta Canada",NA,"Pelle_Shot"
1993.01639344262,75.9452058551235,NA,NA,"Pelle_Shot","Alberta Canada",NA,"Pelle_Shot"
1987.01639344262,63.780822166347,NA,NA,"Pelle_Shot","Alberta Canada",NA,"Pelle_Shot"
1988.93442622951,66.3013701378952,NA,NA,"Pelle_Shot","Alberta Canada",NA,"Pelle_Shot"
1989.96721311475,71.2328770387506,NA,NA,"Pelle_Shot","Alberta Canada",NA,"Pelle_Shot"
1992.03278688525,69.6986304473734,NA,NA,"Pelle_Shot","Alberta Canada",NA,"Pelle_Shot"
1992.96721311475,67.1780824758251,NA,NA,"Pelle_Shot","Alberta Canada",NA,"Pelle_Shot"
1994,68.8219181094435,NA,NA,"Pelle_Shot","Alberta Canada",NA,"Pelle_Shot"
1994,77.0410962775358,NA,NA,"Pelle_Shot","Alberta Canada",NA,"Pelle_Shot"
1994.98360655738,74.9589044749524,NA,NA,"Pelle_Shot","Alberta Canada",NA,"Pelle_Shot"
1995.96721311475,81.6438360516675,NA,NA,"Pelle_Shot","Alberta Canada",NA,"Pelle_Shot"
1997.98360655738,78.1369866999481,NA,NA,"Pelle_Shot","Alberta Canada",NA,"Pelle_Shot"
